"Ilce";"Mahalle";"GuncelStatu";"SeoKonumIfadesi";"Slug"
"Akçadağ";"Aksaray";"Mahalle";"Aksaray Mahallesi Akçadağ Malatya";"akcadag-aksaray-mahallesi"
"Akçadağ";"Aksüt";"Mahalle";"Aksüt Mahallesi Akçadağ Malatya";"akcadag-aksut-mahallesi"
"Akçadağ";"Aktepe";"Mahalle";"Aktepe Mahallesi Akçadağ Malatya";"akcadag-aktepe-mahallesi"
"Akçadağ";"Aliçeri";"Mahalle";"Aliçeri Mahallesi Akçadağ Malatya";"akcadag-aliceri-mahallesi"
"Akçadağ";"Altunlu";"Mahalle";"Altunlu Mahallesi Akçadağ Malatya";"akcadag-altunlu-mahallesi"
"Akçadağ";"Ancar";"Mahalle";"Ancar Mahallesi Akçadağ Malatya";"akcadag-ancar-mahallesi"
"Akçadağ";"Aşağıörükçü";"Mahalle";"Aşağıörükçü Mahallesi Akçadağ Malatya";"akcadag-asagiorukcu-mahallesi"
"Akçadağ";"Aydınlar";"Mahalle";"Aydınlar Mahallesi Akçadağ Malatya";"akcadag-aydinlar-mahallesi"
"Akçadağ";"Bağköy";"Mahalle";"Bağköy Mahallesi Akçadağ Malatya";"akcadag-bagkoy-mahallesi"
"Akçadağ";"Bahri";"Mahalle";"Bahri Mahallesi Akçadağ Malatya";"akcadag-bahri-mahallesi"
"Akçadağ";"Başpınar";"Mahalle";"Başpınar Mahallesi Akçadağ Malatya";"akcadag-baspinar-mahallesi"
"Akçadağ";"Bayramuşağı";"Mahalle";"Bayramuşağı Mahallesi Akçadağ Malatya";"akcadag-bayramusagi-mahallesi"
"Akçadağ";"Bekiruşağı";"Mahalle";"Bekiruşağı Mahallesi Akçadağ Malatya";"akcadag-bekirusagi-mahallesi"
"Akçadağ";"Bölüklü";"Mahalle";"Bölüklü Mahallesi Akçadağ Malatya";"akcadag-boluklu-mahallesi"
"Akçadağ";"Büyükçimiş";"Mahalle";"Büyükçimiş Mahallesi Akçadağ Malatya";"akcadag-buyukcimis-mahallesi"
"Akçadağ";"Büyükköy";"Mahalle";"Büyükköy Mahallesi Akçadağ Malatya";"akcadag-buyukkoy-mahallesi"
"Akçadağ";"Çakıllıpınar";"Mahalle";"Çakıllıpınar Mahallesi Akçadağ Malatya";"akcadag-cakillipinar-mahallesi"
"Akçadağ";"Çatalbahçe";"Mahalle";"Çatalbahçe Mahallesi Akçadağ Malatya";"akcadag-catalbahce-mahallesi"
"Akçadağ";"Çevirme";"Mahalle";"Çevirme Mahallesi Akçadağ Malatya";"akcadag-cevirme-mahallesi"
"Akçadağ";"Çobanuşağı";"Mahalle";"Çobanuşağı Mahallesi Akçadağ Malatya";"akcadag-cobanusagi-mahallesi"
"Akçadağ";"Darıca";"Mahalle";"Darıca Mahallesi Akçadağ Malatya";"akcadag-darica-mahallesi"
"Akçadağ";"Dedeköy";"Mahalle";"Dedeköy Mahallesi Akçadağ Malatya";"akcadag-dedekoy-mahallesi"
"Akçadağ";"Demirciler";"Mahalle";"Demirciler Mahallesi Akçadağ Malatya";"akcadag-demirciler-mahallesi"
"Akçadağ";"Develi";"Mahalle";"Develi Mahallesi Akçadağ Malatya";"akcadag-develi-mahallesi"
"Akçadağ";"Doğanlar";"Mahalle";"Doğanlar Mahallesi Akçadağ Malatya";"akcadag-doganlar-mahallesi"
"Akçadağ";"Doğantepe";"Mahalle";"Doğantepe Mahallesi Akçadağ Malatya";"akcadag-dogantepe-mahallesi"
"Akçadağ";"Doğu";"Mahalle";"Doğu Mahallesi Akçadağ Malatya";"akcadag-dogu-mahallesi"
"Akçadağ";"Durulova";"Mahalle";"Durulova Mahallesi Akçadağ Malatya";"akcadag-durulova-mahallesi"
"Akçadağ";"Dutlu";"Mahalle";"Dutlu Mahallesi Akçadağ Malatya";"akcadag-dutlu-mahallesi"
"Akçadağ";"Dümüklü";"Mahalle";"Dümüklü Mahallesi Akçadağ Malatya";"akcadag-dumuklu-mahallesi"
"Akçadağ";"Eğin";"Mahalle";"Eğin Mahallesi Akçadağ Malatya";"akcadag-egin-mahallesi"
"Akçadağ";"Esenbey";"Mahalle";"Esenbey Mahallesi Akçadağ Malatya";"akcadag-esenbey-mahallesi"
"Akçadağ";"Esenli";"Mahalle";"Esenli Mahallesi Akçadağ Malatya";"akcadag-esenli-mahallesi"
"Akçadağ";"Fatih";"Mahalle";"Fatih Mahallesi Akçadağ Malatya";"akcadag-fatih-mahallesi"
"Akçadağ";"Gölpınar";"Mahalle";"Gölpınar Mahallesi Akçadağ Malatya";"akcadag-golpinar-mahallesi"
"Akçadağ";"Güneşli";"Mahalle";"Güneşli Mahallesi Akçadağ Malatya";"akcadag-gunesli-mahallesi"
"Akçadağ";"Gürkaynak";"Mahalle";"Gürkaynak Mahallesi Akçadağ Malatya";"akcadag-gurkaynak-mahallesi"
"Akçadağ";"Hançerli";"Mahalle";"Hançerli Mahallesi Akçadağ Malatya";"akcadag-hancerli-mahallesi"
"Akçadağ";"Hartut";"Mahalle";"Hartut Mahallesi Akçadağ Malatya";"akcadag-hartut-mahallesi"
"Akçadağ";"Harunuşağı";"Mahalle";"Harunuşağı Mahallesi Akçadağ Malatya";"akcadag-harunusagi-mahallesi"
"Akçadağ";"Ilıcak";"Mahalle";"Ilıcak Mahallesi Akçadağ Malatya";"akcadag-ilicak-mahallesi"
"Akçadağ";"İkinciler";"Mahalle";"İkinciler Mahallesi Akçadağ Malatya";"akcadag-ikinciler-mahallesi"
"Akçadağ";"Kadıibrahim";"Mahalle";"Kadıibrahim Mahallesi Akçadağ Malatya";"akcadag-kadiibrahim-mahallesi"
"Akçadağ";"Kahyalı";"Mahalle";"Kahyalı Mahallesi Akçadağ Malatya";"akcadag-kahyali-mahallesi"
"Akçadağ";"Karamağara";"Mahalle";"Karamağara Mahallesi Akçadağ Malatya";"akcadag-karamagara-mahallesi"
"Akçadağ";"Karapınar";"Mahalle";"Karapınar Mahallesi Akçadağ Malatya";"akcadag-karapinar-mahallesi"
"Akçadağ";"Kasımuşağı";"Mahalle";"Kasımuşağı Mahallesi Akçadağ Malatya";"akcadag-kasimusagi-mahallesi"
"Akçadağ";"Kayadibi";"Mahalle";"Kayadibi Mahallesi Akçadağ Malatya";"akcadag-kayadibi-mahallesi"
"Akçadağ";"Keklikpınar";"Mahalle";"Keklikpınar Mahallesi Akçadağ Malatya";"akcadag-keklikpinar-mahallesi"
"Akçadağ";"Keller";"Mahalle";"Keller Mahallesi Akçadağ Malatya";"akcadag-keller-mahallesi"
"Akçadağ";"Kepez";"Mahalle";"Kepez Mahallesi Akçadağ Malatya";"akcadag-kepez-mahallesi"
"Akçadağ";"Kolköy";"Mahalle";"Kolköy Mahallesi Akçadağ Malatya";"akcadag-kolkoy-mahallesi"
"Akçadağ";"Kotangölü";"Mahalle";"Kotangölü Mahallesi Akçadağ Malatya";"akcadag-kotangolu-mahallesi"
"Akçadağ";"Kozluca";"Mahalle";"Kozluca Mahallesi Akçadağ Malatya";"akcadag-kozluca-mahallesi"
"Akçadağ";"Kömekavak";"Mahalle";"Kömekavak Mahallesi Akçadağ Malatya";"akcadag-komekavak-mahallesi"
"Akçadağ";"Kurtuşağı";"Mahalle";"Kurtuşağı Mahallesi Akçadağ Malatya";"akcadag-kurtusagi-mahallesi"
"Akçadağ";"Küçükkürne";"Mahalle";"Küçükkürne Mahallesi Akçadağ Malatya";"akcadag-kucukkurne-mahallesi"
"Akçadağ";"Kültür";"Mahalle";"Kültür Mahallesi Akçadağ Malatya";"akcadag-kultur-mahallesi"
"Akçadağ";"Levent";"Mahalle";"Levent Mahallesi Akçadağ Malatya";"akcadag-levent-mahallesi"
"Akçadağ";"Mezra";"Mahalle";"Mezra Mahallesi Akçadağ Malatya";"akcadag-mezra-mahallesi"
"Akçadağ";"Mihmanlı";"Mahalle";"Mihmanlı Mahallesi Akçadağ Malatya";"akcadag-mihmanli-mahallesi"
"Akçadağ";"Muratlı";"Mahalle";"Muratlı Mahallesi Akçadağ Malatya";"akcadag-muratli-mahallesi"
"Akçadağ";"Ortaköy";"Mahalle";"Ortaköy Mahallesi Akçadağ Malatya";"akcadag-ortakoy-mahallesi"
"Akçadağ";"Ören";"Mahalle";"Ören Mahallesi Akçadağ Malatya";"akcadag-oren-mahallesi"
"Akçadağ";"Resuluşağı";"Mahalle";"Resuluşağı Mahallesi Akçadağ Malatya";"akcadag-resulusagi-mahallesi"
"Akçadağ";"Sahilköy";"Mahalle";"Sahilköy Mahallesi Akçadağ Malatya";"akcadag-sahilkoy-mahallesi"
"Akçadağ";"Sakalıuzun";"Mahalle";"Sakalıuzun Mahallesi Akçadağ Malatya";"akcadag-sakaliuzun-mahallesi"
"Akçadağ";"Sarıhacı";"Mahalle";"Sarıhacı Mahallesi Akçadağ Malatya";"akcadag-sarihaci-mahallesi"
"Akçadağ";"Şeyhler";"Mahalle";"Şeyhler Mahallesi Akçadağ Malatya";"akcadag-seyhler-mahallesi"
"Akçadağ";"Taşevler";"Mahalle";"Taşevler Mahallesi Akçadağ Malatya";"akcadag-tasevler-mahallesi"
"Akçadağ";"Taşolar";"Mahalle";"Taşolar Mahallesi Akçadağ Malatya";"akcadag-tasolar-mahallesi"
"Akçadağ";"Tataruşağı";"Mahalle";"Tataruşağı Mahallesi Akçadağ Malatya";"akcadag-tatarusagi-mahallesi"
"Akçadağ";"Yağmurlu";"Mahalle";"Yağmurlu Mahallesi Akçadağ Malatya";"akcadag-yagmurlu-mahallesi"
"Akçadağ";"Yalınbudak";"Mahalle";"Yalınbudak Mahallesi Akçadağ Malatya";"akcadag-yalinbudak-mahallesi"
"Akçadağ";"Yalınkaya";"Mahalle";"Yalınkaya Mahallesi Akçadağ Malatya";"akcadag-yalinkaya-mahallesi"
"Akçadağ";"Yaylımlı";"Mahalle";"Yaylımlı Mahallesi Akçadağ Malatya";"akcadag-yaylimli-mahallesi"
"Akçadağ";"Yukarıörükçü";"Mahalle";"Yukarıörükçü Mahallesi Akçadağ Malatya";"akcadag-yukariorukcu-mahallesi"
"Arapgir";"Aktaş";"Mahalle";"Aktaş Mahallesi Arapgir Malatya";"arapgir-aktas-mahallesi"
"Arapgir";"Alıçlı";"Mahalle";"Alıçlı Mahallesi Arapgir Malatya";"arapgir-alicli-mahallesi"
"Arapgir";"Aşağı Çörenge";"Mahalle";"Aşağı Çörenge Mahallesi Arapgir Malatya";"arapgir-asagi-corenge-mahallesi"
"Arapgir";"Aşağı Ulupınar";"Mahalle";"Aşağı Ulupınar Mahallesi Arapgir Malatya";"arapgir-asagi-ulupinar-mahallesi"
"Arapgir";"Aşağı Yenice";"Mahalle";"Aşağı Yenice Mahallesi Arapgir Malatya";"arapgir-asagi-yenice-mahallesi"
"Arapgir";"Berenge";"Mahalle";"Berenge Mahallesi Arapgir Malatya";"arapgir-berenge-mahallesi"
"Arapgir";"Boğazlı";"Mahalle";"Boğazlı Mahallesi Arapgir Malatya";"arapgir-bogazli-mahallesi"
"Arapgir";"Bostancık";"Mahalle";"Bostancık Mahallesi Arapgir Malatya";"arapgir-bostancik-mahallesi"
"Arapgir";"Budak";"Mahalle";"Budak Mahallesi Arapgir Malatya";"arapgir-budak-mahallesi"
"Arapgir";"Cömertli";"Mahalle";"Cömertli Mahallesi Arapgir Malatya";"arapgir-comertli-mahallesi"
"Arapgir";"Çakırsu";"Mahalle";"Çakırsu Mahallesi Arapgir Malatya";"arapgir-cakirsu-mahallesi"
"Arapgir";"Çarşı";"Mahalle";"Çarşı Mahallesi Arapgir Malatya";"arapgir-carsi-mahallesi"
"Arapgir";"Çaybaşı";"Mahalle";"Çaybaşı Mahallesi Arapgir Malatya";"arapgir-caybasi-mahallesi"
"Arapgir";"Çiğnir";"Mahalle";"Çiğnir Mahallesi Arapgir Malatya";"arapgir-cignir-mahallesi"
"Arapgir";"Çimen";"Mahalle";"Çimen Mahallesi Arapgir Malatya";"arapgir-cimen-mahallesi"
"Arapgir";"Çobanlı";"Mahalle";"Çobanlı Mahallesi Arapgir Malatya";"arapgir-cobanli-mahallesi"
"Arapgir";"Deregezen";"Mahalle";"Deregezen Mahallesi Arapgir Malatya";"arapgir-deregezen-mahallesi"
"Arapgir";"Düzce";"Mahalle";"Düzce Mahallesi Arapgir Malatya";"arapgir-duzce-mahallesi"
"Arapgir";"Esikli";"Mahalle";"Esikli Mahallesi Arapgir Malatya";"arapgir-esikli-mahallesi"
"Arapgir";"Eskiarapgir";"Mahalle";"Eskiarapgir Mahallesi Arapgir Malatya";"arapgir-eskiarapgir-mahallesi"
"Arapgir";"Eynir";"Mahalle";"Eynir Mahallesi Arapgir Malatya";"arapgir-eynir-mahallesi"
"Arapgir";"Gebeli";"Mahalle";"Gebeli Mahallesi Arapgir Malatya";"arapgir-gebeli-mahallesi"
"Arapgir";"Göz";"Mahalle";"Göz Mahallesi Arapgir Malatya";"arapgir-goz-mahallesi"
"Arapgir";"Gözeli";"Mahalle";"Gözeli Mahallesi Arapgir Malatya";"arapgir-gozeli-mahallesi"
"Arapgir";"Günyüzü";"Mahalle";"Günyüzü Mahallesi Arapgir Malatya";"arapgir-gunyuzu-mahallesi"
"Arapgir";"Hezenek";"Mahalle";"Hezenek Mahallesi Arapgir Malatya";"arapgir-hezenek-mahallesi"
"Arapgir";"Hocaali";"Mahalle";"Hocaali Mahallesi Arapgir Malatya";"arapgir-hocaali-mahallesi"
"Arapgir";"Kayakesen";"Mahalle";"Kayakesen Mahallesi Arapgir Malatya";"arapgir-kayakesen-mahallesi"
"Arapgir";"Kaynak";"Mahalle";"Kaynak Mahallesi Arapgir Malatya";"arapgir-kaynak-mahallesi"
"Arapgir";"Kazanç";"Mahalle";"Kazanç Mahallesi Arapgir Malatya";"arapgir-kazanc-mahallesi"
"Arapgir";"Kılıçlı";"Mahalle";"Kılıçlı Mahallesi Arapgir Malatya";"arapgir-kilicli-mahallesi"
"Arapgir";"Konducak";"Mahalle";"Konducak Mahallesi Arapgir Malatya";"arapgir-konducak-mahallesi"
"Arapgir";"Koru";"Mahalle";"Koru Mahallesi Arapgir Malatya";"arapgir-koru-mahallesi"
"Arapgir";"Köseoğlu";"Mahalle";"Köseoğlu Mahallesi Arapgir Malatya";"arapgir-koseoglu-mahallesi"
"Arapgir";"Mehmet Akif";"Mahalle";"Mehmet Akif Mahallesi Arapgir Malatya";"arapgir-mehmet-akif-mahallesi"
"Arapgir";"Meşeli";"Mahalle";"Meşeli Mahallesi Arapgir Malatya";"arapgir-meseli-mahallesi"
"Arapgir";"Onar";"Mahalle";"Onar Mahallesi Arapgir Malatya";"arapgir-onar-mahallesi"
"Arapgir";"Ormansırtı";"Mahalle";"Ormansırtı Mahallesi Arapgir Malatya";"arapgir-ormansirti-mahallesi"
"Arapgir";"Osmanpaşa";"Mahalle";"Osmanpaşa Mahallesi Arapgir Malatya";"arapgir-osmanpasa-mahallesi"
"Arapgir";"Pacalı";"Mahalle";"Pacalı Mahallesi Arapgir Malatya";"arapgir-pacali-mahallesi"
"Arapgir";"Pirali";"Mahalle";"Pirali Mahallesi Arapgir Malatya";"arapgir-pirali-mahallesi"
"Arapgir";"Sağıluşağı";"Mahalle";"Sağıluşağı Mahallesi Arapgir Malatya";"arapgir-sagilusagi-mahallesi"
"Arapgir";"Sekisu";"Mahalle";"Sekisu Mahallesi Arapgir Malatya";"arapgir-sekisu-mahallesi"
"Arapgir";"Selamlı";"Mahalle";"Selamlı Mahallesi Arapgir Malatya";"arapgir-selamli-mahallesi"
"Arapgir";"Serge";"Mahalle";"Serge Mahallesi Arapgir Malatya";"arapgir-serge-mahallesi"
"Arapgir";"Sinikli Nah.";"Mahalle";"Sinikli Nah. Mahallesi Arapgir Malatya";"arapgir-sinikli-nah-mahallesi"
"Arapgir";"Sipahi Uşağı";"Mahalle";"Sipahi Uşağı Mahallesi Arapgir Malatya";"arapgir-sipahi-usagi-mahallesi"
"Arapgir";"Suceyin";"Mahalle";"Suceyin Mahallesi Arapgir Malatya";"arapgir-suceyin-mahallesi"
"Arapgir";"Sugeçti";"Mahalle";"Sugeçti Mahallesi Arapgir Malatya";"arapgir-sugecti-mahallesi"
"Arapgir";"Şıhlar";"Mahalle";"Şıhlar Mahallesi Arapgir Malatya";"arapgir-sihlar-mahallesi"
"Arapgir";"Tarhan";"Mahalle";"Tarhan Mahallesi Arapgir Malatya";"arapgir-tarhan-mahallesi"
"Arapgir";"Taşdelen";"Mahalle";"Taşdelen Mahallesi Arapgir Malatya";"arapgir-tasdelen-mahallesi"
"Arapgir";"Taşdibek";"Mahalle";"Taşdibek Mahallesi Arapgir Malatya";"arapgir-tasdibek-mahallesi"
"Arapgir";"Ulaçlı";"Mahalle";"Ulaçlı Mahallesi Arapgir Malatya";"arapgir-ulacli-mahallesi"
"Arapgir";"Yaylacık";"Mahalle";"Yaylacık Mahallesi Arapgir Malatya";"arapgir-yaylacik-mahallesi"
"Arapgir";"Yazılı";"Mahalle";"Yazılı Mahallesi Arapgir Malatya";"arapgir-yazili-mahallesi"
"Arapgir";"Yeni";"Mahalle";"Yeni Mahallesi Arapgir Malatya";"arapgir-yeni-mahallesi"
"Arapgir";"Yeşilyayla";"Mahalle";"Yeşilyayla Mahallesi Arapgir Malatya";"arapgir-yesilyayla-mahallesi"
"Arapgir";"Yukarıçörenge";"Mahalle";"Yukarıçörenge Mahallesi Arapgir Malatya";"arapgir-yukaricorenge-mahallesi"
"Arapgir";"Yukarıulupınar";"Mahalle";"Yukarıulupınar Mahallesi Arapgir Malatya";"arapgir-yukariulupinar-mahallesi"
"Arapgir";"Yukarıyabanlı";"Mahalle";"Yukarıyabanlı Mahallesi Arapgir Malatya";"arapgir-yukariyabanli-mahallesi"
"Arapgir";"Yukarıyenice";"Mahalle";"Yukarıyenice Mahallesi Arapgir Malatya";"arapgir-yukariyenice-mahallesi"
"Arapgir";"Zöhrap";"Mahalle";"Zöhrap Mahallesi Arapgir Malatya";"arapgir-zohrap-mahallesi"
"Arguvan";"Akören";"Mahalle";"Akören Mahallesi Arguvan Malatya";"arguvan-akoren-mahallesi"
"Arguvan";"Alhasuşağı";"Mahalle";"Alhasuşağı Mahallesi Arguvan Malatya";"arguvan-alhasusagi-mahallesi"
"Arguvan";"Armutlu";"Mahalle";"Armutlu Mahallesi Arguvan Malatya";"arguvan-armutlu-mahallesi"
"Arguvan";"Asar";"Mahalle";"Asar Mahallesi Arguvan Malatya";"arguvan-asar-mahallesi"
"Arguvan";"Asmaca";"Mahalle";"Asmaca Mahallesi Arguvan Malatya";"arguvan-asmaca-mahallesi"
"Arguvan";"Aşağısürmenli";"Mahalle";"Aşağısürmenli Mahallesi Arguvan Malatya";"arguvan-asagisurmenli-mahallesi"
"Arguvan";"Bahçeli";"Mahalle";"Bahçeli Mahallesi Arguvan Malatya";"arguvan-bahceli-mahallesi"
"Arguvan";"Bahçelievler";"Mahalle";"Bahçelievler Mahallesi Arguvan Malatya";"arguvan-bahcelievler-mahallesi"
"Arguvan";"Bozan";"Mahalle";"Bozan Mahallesi Arguvan Malatya";"arguvan-bozan-mahallesi"
"Arguvan";"Çakmak";"Mahalle";"Çakmak Mahallesi Arguvan Malatya";"arguvan-cakmak-mahallesi"
"Arguvan";"Çavuş";"Mahalle";"Çavuş Mahallesi Arguvan Malatya";"arguvan-cavus-mahallesi"
"Arguvan";"Çayırlı";"Mahalle";"Çayırlı Mahallesi Arguvan Malatya";"arguvan-cayirli-mahallesi"
"Arguvan";"Çevreli";"Mahalle";"Çevreli Mahallesi Arguvan Malatya";"arguvan-cevreli-mahallesi"
"Arguvan";"Çiftlik";"Mahalle";"Çiftlik Mahallesi Arguvan Malatya";"arguvan-ciftlik-mahallesi"
"Arguvan";"Dolaylı";"Mahalle";"Dolaylı Mahallesi Arguvan Malatya";"arguvan-dolayli-mahallesi"
"Arguvan";"Doydum";"Mahalle";"Doydum Mahallesi Arguvan Malatya";"arguvan-doydum-mahallesi"
"Arguvan";"Ermişli";"Mahalle";"Ermişli Mahallesi Arguvan Malatya";"arguvan-ermisli-mahallesi"
"Arguvan";"Eymir";"Mahalle";"Eymir Mahallesi Arguvan Malatya";"arguvan-eymir-mahallesi"
"Arguvan";"Göçeruşağı";"Mahalle";"Göçeruşağı Mahallesi Arguvan Malatya";"arguvan-gocerusagi-mahallesi"
"Arguvan";"Gökağaç";"Mahalle";"Gökağaç Mahallesi Arguvan Malatya";"arguvan-gokagac-mahallesi"
"Arguvan";"Gümüşlü";"Mahalle";"Gümüşlü Mahallesi Arguvan Malatya";"arguvan-gumuslu-mahallesi"
"Arguvan";"Güngören";"Mahalle";"Güngören Mahallesi Arguvan Malatya";"arguvan-gungoren-mahallesi"
"Arguvan";"Gürge";"Mahalle";"Gürge Mahallesi Arguvan Malatya";"arguvan-gurge-mahallesi"
"Arguvan";"Güveçli";"Mahalle";"Güveçli Mahallesi Arguvan Malatya";"arguvan-guvecli-mahallesi"
"Arguvan";"Hakverdi";"Mahalle";"Hakverdi Mahallesi Arguvan Malatya";"arguvan-hakverdi-mahallesi"
"Arguvan";"İçmece";"Mahalle";"İçmece Mahallesi Arguvan Malatya";"arguvan-icmece-mahallesi"
"Arguvan";"İsaköy";"Mahalle";"İsaköy Mahallesi Arguvan Malatya";"arguvan-isakoy-mahallesi"
"Arguvan";"Karababa";"Mahalle";"Karababa Mahallesi Arguvan Malatya";"arguvan-karababa-mahallesi"
"Arguvan";"Karahüyük";"Mahalle";"Karahüyük Mahallesi Arguvan Malatya";"arguvan-karahuyuk-mahallesi"
"Arguvan";"Kızık";"Mahalle";"Kızık Mahallesi Arguvan Malatya";"arguvan-kizik-mahallesi"
"Arguvan";"Koçak";"Mahalle";"Koçak Mahallesi Arguvan Malatya";"arguvan-kocak-mahallesi"
"Arguvan";"Konakbaşı";"Mahalle";"Konakbaşı Mahallesi Arguvan Malatya";"arguvan-konakbasi-mahallesi"
"Arguvan";"Kömürlük";"Mahalle";"Kömürlük Mahallesi Arguvan Malatya";"arguvan-komurluk-mahallesi"
"Arguvan";"Kurutaş";"Mahalle";"Kurutaş Mahallesi Arguvan Malatya";"arguvan-kurutas-mahallesi"
"Arguvan";"Kuyudere";"Mahalle";"Kuyudere Mahallesi Arguvan Malatya";"arguvan-kuyudere-mahallesi"
"Arguvan";"Morhamam";"Mahalle";"Morhamam Mahallesi Arguvan Malatya";"arguvan-morhamam-mahallesi"
"Arguvan";"Narmikan";"Mahalle";"Narmikan Mahallesi Arguvan Malatya";"arguvan-narmikan-mahallesi"
"Arguvan";"Parçikan";"Mahalle";"Parçikan Mahallesi Arguvan Malatya";"arguvan-parcikan-mahallesi"
"Arguvan";"Şotik";"Mahalle";"Şotik Mahallesi Arguvan Malatya";"arguvan-sotik-mahallesi"
"Arguvan";"Tarlacık";"Mahalle";"Tarlacık Mahallesi Arguvan Malatya";"arguvan-tarlacik-mahallesi"
"Arguvan";"Tatkınık";"Mahalle";"Tatkınık Mahallesi Arguvan Malatya";"arguvan-tatkinik-mahallesi"
"Arguvan";"Tepebağ";"Mahalle";"Tepebağ Mahallesi Arguvan Malatya";"arguvan-tepebag-mahallesi"
"Arguvan";"Yamaç";"Mahalle";"Yamaç Mahallesi Arguvan Malatya";"arguvan-yamac-mahallesi"
"Arguvan";"Yeni";"Mahalle";"Yeni Mahallesi Arguvan Malatya";"arguvan-yeni-mahallesi"
"Arguvan";"Yeniköy";"Mahalle";"Yeniköy Mahallesi Arguvan Malatya";"arguvan-yenikoy-mahallesi"
"Arguvan";"Yenisu";"Mahalle";"Yenisu Mahallesi Arguvan Malatya";"arguvan-yenisu-mahallesi"
"Arguvan";"Yoncalı";"Mahalle";"Yoncalı Mahallesi Arguvan Malatya";"arguvan-yoncali-mahallesi"
"Arguvan";"Yukarısürmenli";"Mahalle";"Yukarısürmenli Mahallesi Arguvan Malatya";"arguvan-yukarisurmenli-mahallesi"
"Arguvan";"Yürekteşı";"Mahalle";"Yürekteşı Mahallesi Arguvan Malatya";"arguvan-yurektesi-mahallesi"
"Battalgazi";"Adagören";"Mahalle";"Adagören Mahallesi Battalgazi Malatya";"battalgazi-adagoren-mahallesi"
"Battalgazi";"Ağılyazı";"Mahalle";"Ağılyazı Mahallesi Battalgazi Malatya";"battalgazi-agilyazi-mahallesi"
"Battalgazi";"Akpınar";"Mahalle";"Akpınar Mahallesi Battalgazi Malatya";"battalgazi-akpinar-mahallesi"
"Battalgazi";"Alacakapı";"Mahalle";"Alacakapı Mahallesi Battalgazi Malatya";"battalgazi-alacakapi-mahallesi"
"Battalgazi";"Alhanuşağı";"Mahalle";"Alhanuşağı Mahallesi Battalgazi Malatya";"battalgazi-alhanusagi-mahallesi"
"Battalgazi";"Alişar";"Mahalle";"Alişar Mahallesi Battalgazi Malatya";"battalgazi-alisar-mahallesi"
"Battalgazi";"Aslanbey";"Mahalle";"Aslanbey Mahallesi Battalgazi Malatya";"battalgazi-aslanbey-mahallesi"
"Battalgazi";"Ataköy";"Mahalle";"Ataköy Mahallesi Battalgazi Malatya";"battalgazi-atakoy-mahallesi"
"Battalgazi";"Bağtepe";"Mahalle";"Bağtepe Mahallesi Battalgazi Malatya";"battalgazi-bagtepe-mahallesi"
"Battalgazi";"Bahçelievler";"Mahalle";"Bahçelievler Mahallesi Battalgazi Malatya";"battalgazi-bahcelievler-mahallesi"
"Battalgazi";"Bahri (Erenli)";"Mahalle";"Bahri (Erenli) Mahallesi Battalgazi Malatya";"battalgazi-bahri-erenli-mahallesi"
"Battalgazi";"Başharık";"Mahalle";"Başharık Mahallesi Battalgazi Malatya";"battalgazi-basharik-mahallesi"
"Battalgazi";"Battalgazi";"Mahalle";"Battalgazi Mahallesi Battalgazi Malatya";"battalgazi-battalgazi-mahallesi"
"Battalgazi";"Beydağı";"Mahalle";"Beydağı Mahallesi Battalgazi Malatya";"battalgazi-beydagi-mahallesi"
"Battalgazi";"Beylerbaşı";"Mahalle";"Beylerbaşı Mahallesi Battalgazi Malatya";"battalgazi-beylerbasi-mahallesi"
"Battalgazi";"Boran";"Mahalle";"Boran Mahallesi Battalgazi Malatya";"battalgazi-boran-mahallesi"
"Battalgazi";"Bulgurlu";"Mahalle";"Bulgurlu Mahallesi Battalgazi Malatya";"battalgazi-bulgurlu-mahallesi"
"Battalgazi";"Bulutlu";"Mahalle";"Bulutlu Mahallesi Battalgazi Malatya";"battalgazi-bulutlu-mahallesi"
"Battalgazi";"Büyükhüseyinbey";"Mahalle";"Büyükhüseyinbey Mahallesi Battalgazi Malatya";"battalgazi-buyukhuseyinbey-mahallesi"
"Battalgazi";"Büyükmustafapaşa";"Mahalle";"Büyükmustafapaşa Mahallesi Battalgazi Malatya";"battalgazi-buyukmustafapasa-mahallesi"
"Battalgazi";"Cevherizade";"Mahalle";"Cevherizade Mahallesi Battalgazi Malatya";"battalgazi-cevherizade-mahallesi"
"Battalgazi";"Cirikpınar";"Mahalle";"Cirikpınar Mahallesi Battalgazi Malatya";"battalgazi-cirikpinar-mahallesi"
"Battalgazi";"Çamurlu";"Mahalle";"Çamurlu Mahallesi Battalgazi Malatya";"battalgazi-camurlu-mahallesi"
"Battalgazi";"Çolaklı";"Mahalle";"Çolaklı Mahallesi Battalgazi Malatya";"battalgazi-colakli-mahallesi"
"Battalgazi";"Çolakoğlu";"Mahalle";"Çolakoğlu Mahallesi Battalgazi Malatya";"battalgazi-colakoglu-mahallesi"
"Battalgazi";"Çöşnük";"Mahalle";"Çöşnük Mahallesi Battalgazi Malatya";"battalgazi-cosnuk-mahallesi"
"Battalgazi";"Dabakhane";"Mahalle";"Dabakhane Mahallesi Battalgazi Malatya";"battalgazi-dabakhane-mahallesi"
"Battalgazi";"Dolamantepe";"Mahalle";"Dolamantepe Mahallesi Battalgazi Malatya";"battalgazi-dolamantepe-mahallesi"
"Battalgazi";"Düzyol";"Mahalle";"Düzyol Mahallesi Battalgazi Malatya";"battalgazi-duzyol-mahallesi"
"Battalgazi";"Ferhadiye";"Mahalle";"Ferhadiye Mahallesi Battalgazi Malatya";"battalgazi-ferhadiye-mahallesi"
"Battalgazi";"Fırat";"Mahalle";"Fırat Mahallesi Battalgazi Malatya";"battalgazi-firat-mahallesi"
"Battalgazi";"Fırıncı";"Mahalle";"Fırıncı Mahallesi Battalgazi Malatya";"battalgazi-firinci-mahallesi"
"Battalgazi";"Göller";"Mahalle";"Göller Mahallesi Battalgazi Malatya";"battalgazi-goller-mahallesi"
"Battalgazi";"Göztepe";"Mahalle";"Göztepe Mahallesi Battalgazi Malatya";"battalgazi-goztepe-mahallesi"
"Battalgazi";"Gülümuşağı";"Mahalle";"Gülümuşağı Mahallesi Battalgazi Malatya";"battalgazi-gulumusagi-mahallesi"
"Battalgazi";"Hacıabdi";"Mahalle";"Hacıabdi Mahallesi Battalgazi Malatya";"battalgazi-haciabdi-mahallesi"
"Battalgazi";"Hacıhaliloğluçifliği";"Mahalle";"Hacıhaliloğluçifliği Mahallesi Battalgazi Malatya";"battalgazi-hacihaliloglucifligi-mahallesi"
"Battalgazi";"Hacıyusuflar";"Mahalle";"Hacıyusuflar Mahallesi Battalgazi Malatya";"battalgazi-haciyusuflar-mahallesi"
"Battalgazi";"Halfettin";"Mahalle";"Halfettin Mahallesi Battalgazi Malatya";"battalgazi-halfettin-mahallesi"
"Battalgazi";"Hamidiye";"Mahalle";"Hamidiye Mahallesi Battalgazi Malatya";"battalgazi-hamidiye-mahallesi"
"Battalgazi";"Hanımınçiftliği";"Mahalle";"Hanımınçiftliği Mahallesi Battalgazi Malatya";"battalgazi-haniminciftligi-mahallesi"
"Battalgazi";"Hasanvarol";"Mahalle";"Hasanvarol Mahallesi Battalgazi Malatya";"battalgazi-hasanvarol-mahallesi"
"Battalgazi";"Hasırcılar";"Mahalle";"Hasırcılar Mahallesi Battalgazi Malatya";"battalgazi-hasircilar-mahallesi"
"Battalgazi";"Hatunsuyu";"Mahalle";"Hatunsuyu Mahallesi Battalgazi Malatya";"battalgazi-hatunsuyu-mahallesi"
"Battalgazi";"Hidayet";"Mahalle";"Hidayet Mahallesi Battalgazi Malatya";"battalgazi-hidayet-mahallesi"
"Battalgazi";"Hisartepe";"Mahalle";"Hisartepe Mahallesi Battalgazi Malatya";"battalgazi-hisartepe-mahallesi"
"Battalgazi";"İskender";"Mahalle";"İskender Mahallesi Battalgazi Malatya";"battalgazi-iskender-mahallesi"
"Battalgazi";"İsmetiye";"Mahalle";"İsmetiye Mahallesi Battalgazi Malatya";"battalgazi-ismetiye-mahallesi"
"Battalgazi";"İstiklal";"Mahalle";"İstiklal Mahallesi Battalgazi Malatya";"battalgazi-istiklal-mahallesi"
"Battalgazi";"İzzetiye";"Mahalle";"İzzetiye Mahallesi Battalgazi Malatya";"battalgazi-izzetiye-mahallesi"
"Battalgazi";"Kadıçayırı";"Mahalle";"Kadıçayırı Mahallesi Battalgazi Malatya";"battalgazi-kadicayiri-mahallesi"
"Battalgazi";"Kamıştaş";"Mahalle";"Kamıştaş Mahallesi Battalgazi Malatya";"battalgazi-kamistas-mahallesi"
"Battalgazi";"Kapıkaya";"Mahalle";"Kapıkaya Mahallesi Battalgazi Malatya";"battalgazi-kapikaya-mahallesi"
"Battalgazi";"Karabağlar";"Mahalle";"Karabağlar Mahallesi Battalgazi Malatya";"battalgazi-karabaglar-mahallesi"
"Battalgazi";"Karagöz";"Mahalle";"Karagöz Mahallesi Battalgazi Malatya";"battalgazi-karagoz-mahallesi"
"Battalgazi";"Karahan";"Mahalle";"Karahan Mahallesi Battalgazi Malatya";"battalgazi-karahan-mahallesi"
"Battalgazi";"Karakaşçiftliği";"Mahalle";"Karakaşçiftliği Mahallesi Battalgazi Malatya";"battalgazi-karakasciftligi-mahallesi"
"Battalgazi";"Karaköy";"Mahalle";"Karaköy Mahallesi Battalgazi Malatya";"battalgazi-karakoy-mahallesi"
"Battalgazi";"Karatepe";"Mahalle";"Karatepe Mahallesi Battalgazi Malatya";"battalgazi-karatepe-mahallesi"
"Battalgazi";"Kavaklıbağ";"Mahalle";"Kavaklıbağ Mahallesi Battalgazi Malatya";"battalgazi-kavaklibag-mahallesi"
"Battalgazi";"Kemerköprü";"Mahalle";"Kemerköprü Mahallesi Battalgazi Malatya";"battalgazi-kemerkopru-mahallesi"
"Battalgazi";"Kernek";"Mahalle";"Kernek Mahallesi Battalgazi Malatya";"battalgazi-kernek-mahallesi"
"Battalgazi";"Kıraç";"Mahalle";"Kıraç Mahallesi Battalgazi Malatya";"battalgazi-kirac-mahallesi"
"Battalgazi";"Kırçuval";"Mahalle";"Kırçuval Mahallesi Battalgazi Malatya";"battalgazi-kircuval-mahallesi"
"Battalgazi";"Kuluşağı";"Mahalle";"Kuluşağı Mahallesi Battalgazi Malatya";"battalgazi-kulusagi-mahallesi"
"Battalgazi";"Küçükhüseyinbey";"Mahalle";"Küçükhüseyinbey Mahallesi Battalgazi Malatya";"battalgazi-kucukhuseyinbey-mahallesi"
"Battalgazi";"Küçükmustafapaşa";"Mahalle";"Küçükmustafapaşa Mahallesi Battalgazi Malatya";"battalgazi-kucukmustafapasa-mahallesi"
"Battalgazi";"Merdivenler";"Mahalle";"Merdivenler Mahallesi Battalgazi Malatya";"battalgazi-merdivenler-mahallesi"
"Battalgazi";"Merkezbeydağı";"Mahalle";"Merkezbeydağı Mahallesi Battalgazi Malatya";"battalgazi-merkezbeydagi-mahallesi"
"Battalgazi";"Meydanbaşı";"Mahalle";"Meydanbaşı Mahallesi Battalgazi Malatya";"battalgazi-meydanbasi-mahallesi"
"Battalgazi";"Meydancık";"Mahalle";"Meydancık Mahallesi Battalgazi Malatya";"battalgazi-meydancik-mahallesi"
"Battalgazi";"Niyazi";"Mahalle";"Niyazi Mahallesi Battalgazi Malatya";"battalgazi-niyazi-mahallesi"
"Battalgazi";"Nuriye";"Mahalle";"Nuriye Mahallesi Battalgazi Malatya";"battalgazi-nuriye-mahallesi"
"Battalgazi";"Orduzu";"Mahalle";"Orduzu Mahallesi Battalgazi Malatya";"battalgazi-orduzu-mahallesi"
"Battalgazi";"Paşaköşkü";"Mahalle";"Paşaköşkü Mahallesi Battalgazi Malatya";"battalgazi-pasakosku-mahallesi"
"Battalgazi";"Pelitli";"Mahalle";"Pelitli Mahallesi Battalgazi Malatya";"battalgazi-pelitli-mahallesi"
"Battalgazi";"Sancaktar";"Mahalle";"Sancaktar Mahallesi Battalgazi Malatya";"battalgazi-sancaktar-mahallesi"
"Battalgazi";"Saray";"Mahalle";"Saray Mahallesi Battalgazi Malatya";"battalgazi-saray-mahallesi"
"Battalgazi";"Sarıcıoğlu";"Mahalle";"Sarıcıoğlu Mahallesi Battalgazi Malatya";"battalgazi-saricioglu-mahallesi"
"Battalgazi";"Selçuklu";"Mahalle";"Selçuklu Mahallesi Battalgazi Malatya";"battalgazi-selcuklu-mahallesi"
"Battalgazi";"Selvidağ";"Mahalle";"Selvidağ Mahallesi Battalgazi Malatya";"battalgazi-selvidag-mahallesi"
"Battalgazi";"Serintepe";"Mahalle";"Serintepe Mahallesi Battalgazi Malatya";"battalgazi-serintepe-mahallesi"
"Battalgazi";"Şehitfevzi";"Mahalle";"Şehitfevzi Mahallesi Battalgazi Malatya";"battalgazi-sehitfevzi-mahallesi"
"Battalgazi";"Şıkşık";"Mahalle";"Şıkşık Mahallesi Battalgazi Malatya";"battalgazi-siksik-mahallesi"
"Battalgazi";"Şifa";"Mahalle";"Şifa Mahallesi Battalgazi Malatya";"battalgazi-sifa-mahallesi"
"Battalgazi";"Şişman";"Mahalle";"Şişman Mahallesi Battalgazi Malatya";"battalgazi-sisman-mahallesi"
"Battalgazi";"Tandoğan";"Mahalle";"Tandoğan Mahallesi Battalgazi Malatya";"battalgazi-tandogan-mahallesi"
"Battalgazi";"Tanışık";"Mahalle";"Tanışık Mahallesi Battalgazi Malatya";"battalgazi-tanisik-mahallesi"
"Battalgazi";"Taştepe";"Mahalle";"Taştepe Mahallesi Battalgazi Malatya";"battalgazi-tastepe-mahallesi"
"Battalgazi";"Tokluca";"Mahalle";"Tokluca Mahallesi Battalgazi Malatya";"battalgazi-tokluca-mahallesi"
"Battalgazi";"Toptaş";"Mahalle";"Toptaş Mahallesi Battalgazi Malatya";"battalgazi-toptas-mahallesi"
"Battalgazi";"Toygar";"Mahalle";"Toygar Mahallesi Battalgazi Malatya";"battalgazi-toygar-mahallesi"
"Battalgazi";"Uçbağlar";"Mahalle";"Uçbağlar Mahallesi Battalgazi Malatya";"battalgazi-ucbaglar-mahallesi"
"Battalgazi";"Uluköy";"Mahalle";"Uluköy Mahallesi Battalgazi Malatya";"battalgazi-ulukoy-mahallesi"
"Battalgazi";"Üniversite";"Mahalle";"Üniversite Mahallesi Battalgazi Malatya";"battalgazi-universite-mahallesi"
"Battalgazi";"Üzümlü";"Mahalle";"Üzümlü Mahallesi Battalgazi Malatya";"battalgazi-uzumlu-mahallesi"
"Battalgazi";"Yamaç";"Mahalle";"Yamaç Mahallesi Battalgazi Malatya";"battalgazi-yamac-mahallesi"
"Battalgazi";"Yarımcahan";"Mahalle";"Yarımcahan Mahallesi Battalgazi Malatya";"battalgazi-yarimcahan-mahallesi"
"Battalgazi";"Yaygın";"Mahalle";"Yaygın Mahallesi Battalgazi Malatya";"battalgazi-yaygin-mahallesi"
"Battalgazi";"Yenice";"Mahalle";"Yenice Mahallesi Battalgazi Malatya";"battalgazi-yenice-mahallesi"
"Battalgazi";"Yenihamam";"Mahalle";"Yenihamam Mahallesi Battalgazi Malatya";"battalgazi-yenihamam-mahallesi"
"Battalgazi";"Yeniköy";"Mahalle";"Yeniköy Mahallesi Battalgazi Malatya";"battalgazi-yenikoy-mahallesi"
"Battalgazi";"Yıldıztepe";"Mahalle";"Yıldıztepe Mahallesi Battalgazi Malatya";"battalgazi-yildiztepe-mahallesi"
"Battalgazi";"Zafer";"Mahalle";"Zafer Mahallesi Battalgazi Malatya";"battalgazi-zafer-mahallesi"
"Darende";"Ağılbaşı";"Mahalle";"Ağılbaşı Mahallesi Darende Malatya";"darende-agilbasi-mahallesi"
"Darende";"Ağılyazı";"Mahalle";"Ağılyazı Mahallesi Darende Malatya";"darende-agilyazi-mahallesi"
"Darende";"Akbaba";"Mahalle";"Akbaba Mahallesi Darende Malatya";"darende-akbaba-mahallesi"
"Darende";"Akçatoprak";"Mahalle";"Akçatoprak Mahallesi Darende Malatya";"darende-akcatoprak-mahallesi"
"Darende";"Akova";"Mahalle";"Akova Mahallesi Darende Malatya";"darende-akova-mahallesi"
"Darende";"Ayvalı";"Mahalle";"Ayvalı Mahallesi Darende Malatya";"darende-ayvali-mahallesi"
"Darende";"Balaban";"Mahalle";"Balaban Mahallesi Darende Malatya";"darende-balaban-mahallesi"
"Darende";"Barındır";"Mahalle";"Barındır Mahallesi Darende Malatya";"darende-barindir-mahallesi"
"Darende";"Başkaya";"Mahalle";"Başkaya Mahallesi Darende Malatya";"darende-baskaya-mahallesi"
"Darende";"Baytarbağı";"Mahalle";"Baytarbağı Mahallesi Darende Malatya";"darende-baytarbagi-mahallesi"
"Darende";"Beybağı";"Mahalle";"Beybağı Mahallesi Darende Malatya";"darende-beybagi-mahallesi"
"Darende";"Çaybaşı";"Mahalle";"Çaybaşı Mahallesi Darende Malatya";"darende-caybasi-mahallesi"
"Darende";"Çınar";"Mahalle";"Çınar Mahallesi Darende Malatya";"darende-cinar-mahallesi"
"Darende";"Çukurkaya";"Mahalle";"Çukurkaya Mahallesi Darende Malatya";"darende-cukurkaya-mahallesi"
"Darende";"Gaziköy";"Mahalle";"Gaziköy Mahallesi Darende Malatya";"darende-gazikoy-mahallesi"
"Darende";"Gökçeören";"Mahalle";"Gökçeören Mahallesi Darende Malatya";"darende-gokceoren-mahallesi"
"Darende";"Gökyar";"Mahalle";"Gökyar Mahallesi Darende Malatya";"darende-gokyar-mahallesi"
"Darende";"Göllüce";"Mahalle";"Göllüce Mahallesi Darende Malatya";"darende-golluce-mahallesi"
"Darende";"Güdül";"Mahalle";"Güdül Mahallesi Darende Malatya";"darende-gudul-mahallesi"
"Darende";"Günerli";"Mahalle";"Günerli Mahallesi Darende Malatya";"darende-gunerli-mahallesi"
"Darende";"Günpınar";"Mahalle";"Günpınar Mahallesi Darende Malatya";"darende-gunpinar-mahallesi"
"Darende";"Hacıderviş";"Mahalle";"Hacıderviş Mahallesi Darende Malatya";"darende-hacidervis-mahallesi"
"Darende";"Hacılar Sıragoz";"Mahalle";"Hacılar Sıragoz Mahallesi Darende Malatya";"darende-hacilar-siragoz-mahallesi"
"Darende";"Hacılar Şeyhli";"Mahalle";"Hacılar Şeyhli Mahallesi Darende Malatya";"darende-hacilar-seyhli-mahallesi"
"Darende";"Hacolar";"Mahalle";"Hacolar Mahallesi Darende Malatya";"darende-hacolar-mahallesi"
"Darende";"Heyiketeği";"Mahalle";"Heyiketeği Mahallesi Darende Malatya";"darende-heyiketegi-mahallesi"
"Darende";"Hisarcık";"Mahalle";"Hisarcık Mahallesi Darende Malatya";"darende-hisarcik-mahallesi"
"Darende";"Hisarkale";"Mahalle";"Hisarkale Mahallesi Darende Malatya";"darende-hisarkale-mahallesi"
"Darende";"Ilıca";"Mahalle";"Ilıca Mahallesi Darende Malatya";"darende-ilica-mahallesi"
"Darende";"Irmaklı";"Mahalle";"Irmaklı Mahallesi Darende Malatya";"darende-irmakli-mahallesi"
"Darende";"İbrahimpaşa";"Mahalle";"İbrahimpaşa Mahallesi Darende Malatya";"darende-ibrahimpasa-mahallesi"
"Darende";"Kaldırım";"Mahalle";"Kaldırım Mahallesi Darende Malatya";"darende-kaldirim-mahallesi"
"Darende";"Karabacak";"Mahalle";"Karabacak Mahallesi Darende Malatya";"darende-karabacak-mahallesi"
"Darende";"Karabayır";"Mahalle";"Karabayır Mahallesi Darende Malatya";"darende-karabayir-mahallesi"
"Darende";"Karaoğuz";"Mahalle";"Karaoğuz Mahallesi Darende Malatya";"darende-karaoguz-mahallesi"
"Darende";"Kavak";"Mahalle";"Kavak Mahallesi Darende Malatya";"darende-kavak-mahallesi"
"Darende";"Kaynak";"Mahalle";"Kaynak Mahallesi Darende Malatya";"darende-kaynak-mahallesi"
"Darende";"Kerimli";"Mahalle";"Kerimli Mahallesi Darende Malatya";"darende-kerimli-mahallesi"
"Darende";"Kılıçbağı";"Mahalle";"Kılıçbağı Mahallesi Darende Malatya";"darende-kilicbagi-mahallesi"
"Darende";"Kölükler";"Mahalle";"Kölükler Mahallesi Darende Malatya";"darende-kolukler-mahallesi"
"Darende";"Kurudere";"Mahalle";"Kurudere Mahallesi Darende Malatya";"darende-kurudere-mahallesi"
"Darende";"Kuzpınar";"Mahalle";"Kuzpınar Mahallesi Darende Malatya";"darende-kuzpinar-mahallesi"
"Darende";"Medişeyh";"Mahalle";"Medişeyh Mahallesi Darende Malatya";"darende-mediseyh-mahallesi"
"Darende";"Mehmetpaşa";"Mahalle";"Mehmetpaşa Mahallesi Darende Malatya";"darende-mehmetpasa-mahallesi"
"Darende";"Mollauşağı";"Mahalle";"Mollauşağı Mahallesi Darende Malatya";"darende-mollausagi-mahallesi"
"Darende";"Nadir";"Mahalle";"Nadir Mahallesi Darende Malatya";"darende-nadir-mahallesi"
"Darende";"Nurkuyusu";"Mahalle";"Nurkuyusu Mahallesi Darende Malatya";"darende-nurkuyusu-mahallesi"
"Darende";"Ozan";"Mahalle";"Ozan Mahallesi Darende Malatya";"darende-ozan-mahallesi"
"Darende";"Palanga";"Mahalle";"Palanga Mahallesi Darende Malatya";"darende-palanga-mahallesi"
"Darende";"Sakarya";"Mahalle";"Sakarya Mahallesi Darende Malatya";"darende-sakarya-mahallesi"
"Darende";"Sandıkkaya";"Mahalle";"Sandıkkaya Mahallesi Darende Malatya";"darende-sandikkaya-mahallesi"
"Darende";"Sayfiye";"Mahalle";"Sayfiye Mahallesi Darende Malatya";"darende-sayfiye-mahallesi"
"Darende";"Sungur";"Mahalle";"Sungur Mahallesi Darende Malatya";"darende-sungur-mahallesi"
"Darende";"Şendere";"Mahalle";"Şendere Mahallesi Darende Malatya";"darende-sendere-mahallesi"
"Darende";"Şuğul";"Mahalle";"Şuğul Mahallesi Darende Malatya";"darende-sugul-mahallesi"
"Darende";"Ulupınar";"Mahalle";"Ulupınar Mahallesi Darende Malatya";"darende-ulupinar-mahallesi"
"Darende";"Uzunhasan";"Mahalle";"Uzunhasan Mahallesi Darende Malatya";"darende-uzunhasan-mahallesi"
"Darende";"Üçpınar";"Mahalle";"Üçpınar Mahallesi Darende Malatya";"darende-ucpinar-mahallesi"
"Darende";"Yarımca";"Mahalle";"Yarımca Mahallesi Darende Malatya";"darende-yarimca-mahallesi"
"Darende";"Yavuzlar";"Mahalle";"Yavuzlar Mahallesi Darende Malatya";"darende-yavuzlar-mahallesi"
"Darende";"Yazıköy";"Mahalle";"Yazıköy Mahallesi Darende Malatya";"darende-yazikoy-mahallesi"
"Darende";"Yenice";"Mahalle";"Yenice Mahallesi Darende Malatya";"darende-yenice-mahallesi"
"Darende";"Yeniköy";"Mahalle";"Yeniköy Mahallesi Darende Malatya";"darende-yenikoy-mahallesi"
"Darende";"Yenipınar";"Mahalle";"Yenipınar Mahallesi Darende Malatya";"darende-yenipinar-mahallesi"
"Darende";"Yeşiltaş";"Mahalle";"Yeşiltaş Mahallesi Darende Malatya";"darende-yesiltas-mahallesi"
"Darende";"Yukarıulupınar";"Mahalle";"Yukarıulupınar Mahallesi Darende Malatya";"darende-yukariulupinar-mahallesi"
"Darende";"Zaviye";"Mahalle";"Zaviye Mahallesi Darende Malatya";"darende-zaviye-mahallesi"
"Doğanşehir";"Altıntop";"Mahalle";"Altıntop Mahallesi Doğanşehir Malatya";"dogansehir-altintop-mahallesi"
"Doğanşehir";"Beğre";"Mahalle";"Beğre Mahallesi Doğanşehir Malatya";"dogansehir-begre-mahallesi"
"Doğanşehir";"Bıçakçı";"Mahalle";"Bıçakçı Mahallesi Doğanşehir Malatya";"dogansehir-bicakci-mahallesi"
"Doğanşehir";"Çavuşlu";"Mahalle";"Çavuşlu Mahallesi Doğanşehir Malatya";"dogansehir-cavuslu-mahallesi"
"Doğanşehir";"Çığlık";"Mahalle";"Çığlık Mahallesi Doğanşehir Malatya";"dogansehir-ciglik-mahallesi"
"Doğanşehir";"Çömlekoba";"Mahalle";"Çömlekoba Mahallesi Doğanşehir Malatya";"dogansehir-comlekoba-mahallesi"
"Doğanşehir";"Dedeyazı";"Mahalle";"Dedeyazı Mahallesi Doğanşehir Malatya";"dogansehir-dedeyazi-mahallesi"
"Doğanşehir";"Doğu";"Mahalle";"Doğu Mahallesi Doğanşehir Malatya";"dogansehir-dogu-mahallesi"
"Doğanşehir";"Elmalı";"Mahalle";"Elmalı Mahallesi Doğanşehir Malatya";"dogansehir-elmali-mahallesi"
"Doğanşehir";"Erkenek";"Mahalle";"Erkenek Mahallesi Doğanşehir Malatya";"dogansehir-erkenek-mahallesi"
"Doğanşehir";"Esentepe";"Mahalle";"Esentepe Mahallesi Doğanşehir Malatya";"dogansehir-esentepe-mahallesi"
"Doğanşehir";"Eskiköy";"Mahalle";"Eskiköy Mahallesi Doğanşehir Malatya";"dogansehir-eskikoy-mahallesi"
"Doğanşehir";"Fındık";"Mahalle";"Fındık Mahallesi Doğanşehir Malatya";"dogansehir-findik-mahallesi"
"Doğanşehir";"Gövdeli";"Mahalle";"Gövdeli Mahallesi Doğanşehir Malatya";"dogansehir-govdeli-mahallesi"
"Doğanşehir";"Günedoğru";"Mahalle";"Günedoğru Mahallesi Doğanşehir Malatya";"dogansehir-gunedogru-mahallesi"
"Doğanşehir";"Gürobası";"Mahalle";"Gürobası Mahallesi Doğanşehir Malatya";"dogansehir-gurobasi-mahallesi"
"Doğanşehir";"Güzelköy";"Mahalle";"Güzelköy Mahallesi Doğanşehir Malatya";"dogansehir-guzelkoy-mahallesi"
"Doğanşehir";"Hudut";"Mahalle";"Hudut Mahallesi Doğanşehir Malatya";"dogansehir-hudut-mahallesi"
"Doğanşehir";"Kadılı";"Mahalle";"Kadılı Mahallesi Doğanşehir Malatya";"dogansehir-kadili-mahallesi"
"Doğanşehir";"Kapıdere";"Mahalle";"Kapıdere Mahallesi Doğanşehir Malatya";"dogansehir-kapidere-mahallesi"
"Doğanşehir";"Karanlıkdere";"Mahalle";"Karanlıkdere Mahallesi Doğanşehir Malatya";"dogansehir-karanlikdere-mahallesi"
"Doğanşehir";"Karaterzi";"Mahalle";"Karaterzi Mahallesi Doğanşehir Malatya";"dogansehir-karaterzi-mahallesi"
"Doğanşehir";"Karşıyaka";"Mahalle";"Karşıyaka Mahallesi Doğanşehir Malatya";"dogansehir-karsiyaka-mahallesi"
"Doğanşehir";"Kelhalil";"Mahalle";"Kelhalil Mahallesi Doğanşehir Malatya";"dogansehir-kelhalil-mahallesi"
"Doğanşehir";"Kurucaova";"Mahalle";"Kurucaova Mahallesi Doğanşehir Malatya";"dogansehir-kurucaova-mahallesi"
"Doğanşehir";"Küçüklü";"Mahalle";"Küçüklü Mahallesi Doğanşehir Malatya";"dogansehir-kucuklu-mahallesi"
"Doğanşehir";"Örencik";"Mahalle";"Örencik Mahallesi Doğanşehir Malatya";"dogansehir-orencik-mahallesi"
"Doğanşehir";"Polat";"Mahalle";"Polat Mahallesi Doğanşehir Malatya";"dogansehir-polat-mahallesi"
"Doğanşehir";"Polatderesi";"Mahalle";"Polatderesi Mahallesi Doğanşehir Malatya";"dogansehir-polatderesi-mahallesi"
"Doğanşehir";"Reşadiye";"Mahalle";"Reşadiye Mahallesi Doğanşehir Malatya";"dogansehir-resadiye-mahallesi"
"Doğanşehir";"Savaklı";"Mahalle";"Savaklı Mahallesi Doğanşehir Malatya";"dogansehir-savakli-mahallesi"
"Doğanşehir";"Söğüt";"Mahalle";"Söğüt Mahallesi Doğanşehir Malatya";"dogansehir-sogut-mahallesi"
"Doğanşehir";"Suçatı";"Mahalle";"Suçatı Mahallesi Doğanşehir Malatya";"dogansehir-sucati-mahallesi"
"Doğanşehir";"Sürgü";"Mahalle";"Sürgü Mahallesi Doğanşehir Malatya";"dogansehir-surgu-mahallesi"
"Doğanşehir";"Şatırobası";"Mahalle";"Şatırobası Mahallesi Doğanşehir Malatya";"dogansehir-satirobasi-mahallesi"
"Doğanşehir";"Topraktepe";"Mahalle";"Topraktepe Mahallesi Doğanşehir Malatya";"dogansehir-topraktepe-mahallesi"
"Doğanşehir";"Yeni";"Mahalle";"Yeni Mahallesi Doğanşehir Malatya";"dogansehir-yeni-mahallesi"
"Doğanşehir";"Yolkoru";"Mahalle";"Yolkoru Mahallesi Doğanşehir Malatya";"dogansehir-yolkoru-mahallesi"
"Doğanşehir";"Yuvalı";"Mahalle";"Yuvalı Mahallesi Doğanşehir Malatya";"dogansehir-yuvali-mahallesi"
"Doğanyol";"Akkent";"Mahalle";"Akkent Mahallesi Doğanyol Malatya";"doganyol-akkent-mahallesi"
"Doğanyol";"Behramlı";"Mahalle";"Behramlı Mahallesi Doğanyol Malatya";"doganyol-behramli-mahallesi"
"Doğanyol";"Burçköy";"Mahalle";"Burçköy Mahallesi Doğanyol Malatya";"doganyol-burckoy-mahallesi"
"Doğanyol";"Çolak";"Mahalle";"Çolak Mahallesi Doğanyol Malatya";"doganyol-colak-mahallesi"
"Doğanyol";"Damlı";"Mahalle";"Damlı Mahallesi Doğanyol Malatya";"doganyol-damli-mahallesi"
"Doğanyol";"Gevheruşağı";"Mahalle";"Gevheruşağı Mahallesi Doğanyol Malatya";"doganyol-gevherusagi-mahallesi"
"Doğanyol";"Gökçe";"Mahalle";"Gökçe Mahallesi Doğanyol Malatya";"doganyol-gokce-mahallesi"
"Doğanyol";"Gümüşsu";"Mahalle";"Gümüşsu Mahallesi Doğanyol Malatya";"doganyol-gumussu-mahallesi"
"Doğanyol";"İshak";"Mahalle";"İshak Mahallesi Doğanyol Malatya";"doganyol-ishak-mahallesi"
"Doğanyol";"Koldere";"Mahalle";"Koldere Mahallesi Doğanyol Malatya";"doganyol-koldere-mahallesi"
"Doğanyol";"Konurtay";"Mahalle";"Konurtay Mahallesi Doğanyol Malatya";"doganyol-konurtay-mahallesi"
"Doğanyol";"Mezraa";"Mahalle";"Mezraa Mahallesi Doğanyol Malatya";"doganyol-mezraa-mahallesi"
"Doğanyol";"Poyraz";"Mahalle";"Poyraz Mahallesi Doğanyol Malatya";"doganyol-poyraz-mahallesi"
"Doğanyol";"Ulutaş";"Mahalle";"Ulutaş Mahallesi Doğanyol Malatya";"doganyol-ulutas-mahallesi"
"Doğanyol";"Yalınca";"Mahalle";"Yalınca Mahallesi Doğanyol Malatya";"doganyol-yalinca-mahallesi"
"Doğanyol";"Yeşilköy";"Mahalle";"Yeşilköy Mahallesi Doğanyol Malatya";"doganyol-yesilkoy-mahallesi"
"Hekimhan";"Akmağara";"Mahalle";"Akmağara Mahallesi Hekimhan Malatya";"hekimhan-akmagara-mahallesi"
"Hekimhan";"Aksütlü";"Mahalle";"Aksütlü Mahallesi Hekimhan Malatya";"hekimhan-aksutlu-mahallesi"
"Hekimhan";"Aşağı Sazlıca";"Mahalle";"Aşağı Sazlıca Mahallesi Hekimhan Malatya";"hekimhan-asagi-sazlica-mahallesi"
"Hekimhan";"Bağyolu";"Mahalle";"Bağyolu Mahallesi Hekimhan Malatya";"hekimhan-bagyolu-mahallesi"
"Hekimhan";"Bahçedamı";"Mahalle";"Bahçedamı Mahallesi Hekimhan Malatya";"hekimhan-bahcedami-mahallesi"
"Hekimhan";"Bahçelievler";"Mahalle";"Bahçelievler Mahallesi Hekimhan Malatya";"hekimhan-bahcelievler-mahallesi"
"Hekimhan";"Ballıkaya";"Mahalle";"Ballıkaya Mahallesi Hekimhan Malatya";"hekimhan-ballikaya-mahallesi"
"Hekimhan";"Basak";"Mahalle";"Basak Mahallesi Hekimhan Malatya";"hekimhan-basak-mahallesi"
"Hekimhan";"Başkavak";"Mahalle";"Başkavak Mahallesi Hekimhan Malatya";"hekimhan-baskavak-mahallesi"
"Hekimhan";"Başkınık";"Mahalle";"Başkınık Mahallesi Hekimhan Malatya";"hekimhan-baskinik-mahallesi"
"Hekimhan";"Beykent";"Mahalle";"Beykent Mahallesi Hekimhan Malatya";"hekimhan-beykent-mahallesi"
"Hekimhan";"Boğazgören";"Mahalle";"Boğazgören Mahallesi Hekimhan Malatya";"hekimhan-bogazgoren-mahallesi"
"Hekimhan";"Budaklı";"Mahalle";"Budaklı Mahallesi Hekimhan Malatya";"hekimhan-budakli-mahallesi"
"Hekimhan";"Çanakpınar";"Mahalle";"Çanakpınar Mahallesi Hekimhan Malatya";"hekimhan-canakpinar-mahallesi"
"Hekimhan";"Çimenlik";"Mahalle";"Çimenlik Mahallesi Hekimhan Malatya";"hekimhan-cimenlik-mahallesi"
"Hekimhan";"Çulhalı";"Mahalle";"Çulhalı Mahallesi Hekimhan Malatya";"hekimhan-culhali-mahallesi"
"Hekimhan";"Davulku";"Mahalle";"Davulku Mahallesi Hekimhan Malatya";"hekimhan-davulku-mahallesi"
"Hekimhan";"Delihasanyurdu";"Mahalle";"Delihasanyurdu Mahallesi Hekimhan Malatya";"hekimhan-delihasanyurdu-mahallesi"
"Hekimhan";"Dereköy";"Mahalle";"Dereköy Mahallesi Hekimhan Malatya";"hekimhan-derekoy-mahallesi"
"Hekimhan";"Deveci";"Mahalle";"Deveci Mahallesi Hekimhan Malatya";"hekimhan-deveci-mahallesi"
"Hekimhan";"Dikenli";"Mahalle";"Dikenli Mahallesi Hekimhan Malatya";"hekimhan-dikenli-mahallesi"
"Hekimhan";"Dikili";"Mahalle";"Dikili Mahallesi Hekimhan Malatya";"hekimhan-dikili-mahallesi"
"Hekimhan";"Dumlu";"Mahalle";"Dumlu Mahallesi Hekimhan Malatya";"hekimhan-dumlu-mahallesi"
"Hekimhan";"Dursunlu";"Mahalle";"Dursunlu Mahallesi Hekimhan Malatya";"hekimhan-dursunlu-mahallesi"
"Hekimhan";"Fatih";"Mahalle";"Fatih Mahallesi Hekimhan Malatya";"hekimhan-fatih-mahallesi"
"Hekimhan";"Girmana";"Mahalle";"Girmana Mahallesi Hekimhan Malatya";"hekimhan-girmana-mahallesi"
"Hekimhan";"Güçlü";"Mahalle";"Güçlü Mahallesi Hekimhan Malatya";"hekimhan-guclu-mahallesi"
"Hekimhan";"Güvenç";"Mahalle";"Güvenç Mahallesi Hekimhan Malatya";"hekimhan-guvenc-mahallesi"
"Hekimhan";"Güzelyayla";"Mahalle";"Güzelyayla Mahallesi Hekimhan Malatya";"hekimhan-guzelyayla-mahallesi"
"Hekimhan";"Güzelyurt";"Mahalle";"Güzelyurt Mahallesi Hekimhan Malatya";"hekimhan-guzelyurt-mahallesi"
"Hekimhan";"Hacılar";"Mahalle";"Hacılar Mahallesi Hekimhan Malatya";"hekimhan-hacilar-mahallesi"
"Hekimhan";"Hasançelebi";"Mahalle";"Hasançelebi Mahallesi Hekimhan Malatya";"hekimhan-hasancelebi-mahallesi"
"Hekimhan";"Haydaroğlu";"Mahalle";"Haydaroğlu Mahallesi Hekimhan Malatya";"hekimhan-haydaroglu-mahallesi"
"Hekimhan";"Işıklı";"Mahalle";"Işıklı Mahallesi Hekimhan Malatya";"hekimhan-isikli-mahallesi"
"Hekimhan";"İgdir";"Mahalle";"İgdir Mahallesi Hekimhan Malatya";"hekimhan-igdir-mahallesi"
"Hekimhan";"Karadere";"Mahalle";"Karadere Mahallesi Hekimhan Malatya";"hekimhan-karadere-mahallesi"
"Hekimhan";"Karaköcek";"Mahalle";"Karaköcek Mahallesi Hekimhan Malatya";"hekimhan-karakocek-mahallesi"
"Hekimhan";"Karapınar";"Mahalle";"Karapınar Mahallesi Hekimhan Malatya";"hekimhan-karapinar-mahallesi"
"Hekimhan";"Karslılar";"Mahalle";"Karslılar Mahallesi Hekimhan Malatya";"hekimhan-karslilar-mahallesi"
"Hekimhan";"Karşıyaka";"Mahalle";"Karşıyaka Mahallesi Hekimhan Malatya";"hekimhan-karsiyaka-mahallesi"
"Hekimhan";"Kavacık";"Mahalle";"Kavacık Mahallesi Hekimhan Malatya";"hekimhan-kavacik-mahallesi"
"Hekimhan";"Kocaözü";"Mahalle";"Kocaözü Mahallesi Hekimhan Malatya";"hekimhan-kocaozu-mahallesi"
"Hekimhan";"Kozdere";"Mahalle";"Kozdere Mahallesi Hekimhan Malatya";"hekimhan-kozdere-mahallesi"
"Hekimhan";"Köprülü Mehmet Paşa";"Mahalle";"Köprülü Mehmet Paşa Mahallesi Hekimhan Malatya";"hekimhan-koprulu-mehmet-pasa-mahallesi"
"Hekimhan";"Köylü Köyü";"Mahalle";"Köylü Köyü Mahallesi Hekimhan Malatya";"hekimhan-koylu-koyu-mahallesi"
"Hekimhan";"Kurşunlu";"Mahalle";"Kurşunlu Mahallesi Hekimhan Malatya";"hekimhan-kursunlu-mahallesi"
"Hekimhan";"Mimar Sinan";"Mahalle";"Mimar Sinan Mahallesi Hekimhan Malatya";"hekimhan-mimar-sinan-mahallesi"
"Hekimhan";"Mollaibrahim";"Mahalle";"Mollaibrahim Mahallesi Hekimhan Malatya";"hekimhan-mollaibrahim-mahallesi"
"Hekimhan";"Salıcık";"Mahalle";"Salıcık Mahallesi Hekimhan Malatya";"hekimhan-salicik-mahallesi"
"Hekimhan";"Saraylı";"Mahalle";"Saraylı Mahallesi Hekimhan Malatya";"hekimhan-sarayli-mahallesi"
"Hekimhan";"Sarıkız";"Mahalle";"Sarıkız Mahallesi Hekimhan Malatya";"hekimhan-sarikiz-mahallesi"
"Hekimhan";"Sögüt";"Mahalle";"Sögüt Mahallesi Hekimhan Malatya";"hekimhan-sogut-mahallesi"
"Hekimhan";"Şehit Fethi Akyüz";"Mahalle";"Şehit Fethi Akyüz Mahallesi Hekimhan Malatya";"hekimhan-sehit-fethi-akyuz-mahallesi"
"Hekimhan";"Taşbaşı";"Mahalle";"Taşbaşı Mahallesi Hekimhan Malatya";"hekimhan-tasbasi-mahallesi"
"Hekimhan";"Taşoluk";"Mahalle";"Taşoluk Mahallesi Hekimhan Malatya";"hekimhan-tasoluk-mahallesi"
"Hekimhan";"Turgut Özal";"Mahalle";"Turgut Özal Mahallesi Hekimhan Malatya";"hekimhan-turgut-ozal-mahallesi"
"Hekimhan";"Uğurlu";"Mahalle";"Uğurlu Mahallesi Hekimhan Malatya";"hekimhan-ugurlu-mahallesi"
"Hekimhan";"Yağca";"Mahalle";"Yağca Mahallesi Hekimhan Malatya";"hekimhan-yagca-mahallesi"
"Hekimhan";"Yayladamı";"Mahalle";"Yayladamı Mahallesi Hekimhan Malatya";"hekimhan-yayladami-mahallesi"
"Hekimhan";"Yeni";"Mahalle";"Yeni Mahallesi Hekimhan Malatya";"hekimhan-yeni-mahallesi"
"Hekimhan";"Yeşilkale";"Mahalle";"Yeşilkale Mahallesi Hekimhan Malatya";"hekimhan-yesilkale-mahallesi"
"Hekimhan";"Yeşilköy";"Mahalle";"Yeşilköy Mahallesi Hekimhan Malatya";"hekimhan-yesilkoy-mahallesi"
"Hekimhan";"Yeşilpınar";"Mahalle";"Yeşilpınar Mahallesi Hekimhan Malatya";"hekimhan-yesilpinar-mahallesi"
"Hekimhan";"Yukarı Saz";"Mahalle";"Yukarı Saz Mahallesi Hekimhan Malatya";"hekimhan-yukari-saz-mahallesi"
"Hekimhan";"Yukarı Selimli";"Mahalle";"Yukarı Selimli Mahallesi Hekimhan Malatya";"hekimhan-yukari-selimli-mahallesi"
"Kale";"Abuşoğlu";"Mahalle";"Abuşoğlu Mahallesi Kale Malatya";"kale-abusoglu-mahallesi"
"Kale";"Akça";"Mahalle";"Akça Mahallesi Kale Malatya";"kale-akca-mahallesi"
"Kale";"Akuşağı";"Mahalle";"Akuşağı Mahallesi Kale Malatya";"kale-akusagi-mahallesi"
"Kale";"Bağlıca";"Mahalle";"Bağlıca Mahallesi Kale Malatya";"kale-baglica-mahallesi"
"Kale";"Bent";"Mahalle";"Bent Mahallesi Kale Malatya";"kale-bent-mahallesi"
"Kale";"Çanakçı";"Mahalle";"Çanakçı Mahallesi Kale Malatya";"kale-canakci-mahallesi"
"Kale";"Darıpınar";"Mahalle";"Darıpınar Mahallesi Kale Malatya";"kale-daripinar-mahallesi"
"Kale";"Dedeköy";"Mahalle";"Dedeköy Mahallesi Kale Malatya";"kale-dedekoy-mahallesi"
"Kale";"Düztarla";"Mahalle";"Düztarla Mahallesi Kale Malatya";"kale-duztarla-mahallesi"
"Kale";"Erdemli";"Mahalle";"Erdemli Mahallesi Kale Malatya";"kale-erdemli-mahallesi"
"Kale";"Gülenköy";"Mahalle";"Gülenköy Mahallesi Kale Malatya";"kale-gulenkoy-mahallesi"
"Kale";"Güneyce";"Mahalle";"Güneyce Mahallesi Kale Malatya";"kale-guneyce-mahallesi"
"Kale";"İkizpınar";"Mahalle";"İkizpınar Mahallesi Kale Malatya";"kale-ikizpinar-mahallesi"
"Kale";"Kale";"Mahalle";"Kale Mahallesi Kale Malatya";"kale-kale-mahallesi"
"Kale";"Karaağaç";"Mahalle";"Karaağaç Mahallesi Kale Malatya";"kale-karaagac-mahallesi"
"Kale";"Karahüseyin";"Mahalle";"Karahüseyin Mahallesi Kale Malatya";"kale-karahuseyin-mahallesi"
"Kale";"Kıyıcak";"Mahalle";"Kıyıcak Mahallesi Kale Malatya";"kale-kiyicak-mahallesi"
"Kale";"Kozluk";"Mahalle";"Kozluk Mahallesi Kale Malatya";"kale-kozluk-mahallesi"
"Kale";"Kumluyazı";"Mahalle";"Kumluyazı Mahallesi Kale Malatya";"kale-kumluyazi-mahallesi"
"Kale";"Mahmutdursun";"Mahalle";"Mahmutdursun Mahallesi Kale Malatya";"kale-mahmutdursun-mahallesi"
"Kale";"Salkımlı";"Mahalle";"Salkımlı Mahallesi Kale Malatya";"kale-salkimli-mahallesi"
"Kale";"Sarıot";"Mahalle";"Sarıot Mahallesi Kale Malatya";"kale-sariot-mahallesi"
"Kale";"Soğukpınar";"Mahalle";"Soğukpınar Mahallesi Kale Malatya";"kale-sogukpinar-mahallesi"
"Kale";"Tepebaşı";"Mahalle";"Tepebaşı Mahallesi Kale Malatya";"kale-tepebasi-mahallesi"
"Kale";"Uyanık";"Mahalle";"Uyanık Mahallesi Kale Malatya";"kale-uyanik-mahallesi"
"Kale";"Uzunhüseyin";"Mahalle";"Uzunhüseyin Mahallesi Kale Malatya";"kale-uzunhuseyin-mahallesi"
"Kale";"Üçdeğirmen";"Mahalle";"Üçdeğirmen Mahallesi Kale Malatya";"kale-ucdegirmen-mahallesi"
"Kale";"Yenidamlar";"Mahalle";"Yenidamlar Mahallesi Kale Malatya";"kale-yenidamlar-mahallesi"
"Kuluncak";"Alvar";"Mahalle";"Alvar Mahallesi Kuluncak Malatya";"kuluncak-alvar-mahallesi"
"Kuluncak";"Aşağıselimli";"Mahalle";"Aşağıselimli Mahallesi Kuluncak Malatya";"kuluncak-asagiselimli-mahallesi"
"Kuluncak";"Bahçelievler";"Mahalle";"Bahçelievler Mahallesi Kuluncak Malatya";"kuluncak-bahcelievler-mahallesi"
"Kuluncak";"Başören";"Mahalle";"Başören Mahallesi Kuluncak Malatya";"kuluncak-basoren-mahallesi"
"Kuluncak";"Bıyıkboğazı";"Mahalle";"Bıyıkboğazı Mahallesi Kuluncak Malatya";"kuluncak-biyikbogazi-mahallesi"
"Kuluncak";"Bicir";"Mahalle";"Bicir Mahallesi Kuluncak Malatya";"kuluncak-bicir-mahallesi"
"Kuluncak";"Boğaziçi";"Mahalle";"Boğaziçi Mahallesi Kuluncak Malatya";"kuluncak-bogazici-mahallesi"
"Kuluncak";"Ciritbelen";"Mahalle";"Ciritbelen Mahallesi Kuluncak Malatya";"kuluncak-ciritbelen-mahallesi"
"Kuluncak";"Çayköy (Vekaleten)";"Mahalle";"Çayköy (Vekaleten) Mahallesi Kuluncak Malatya";"kuluncak-caykoy-vekaleten-mahallesi"
"Kuluncak";"Çörmü";"Mahalle";"Çörmü Mahallesi Kuluncak Malatya";"kuluncak-cormu-mahallesi"
"Kuluncak";"Göğebakan";"Mahalle";"Göğebakan Mahallesi Kuluncak Malatya";"kuluncak-gogebakan-mahallesi"
"Kuluncak";"İlisuluk";"Mahalle";"İlisuluk Mahallesi Kuluncak Malatya";"kuluncak-ilisuluk-mahallesi"
"Kuluncak";"İsmetpaşa";"Mahalle";"İsmetpaşa Mahallesi Kuluncak Malatya";"kuluncak-ismetpasa-mahallesi"
"Kuluncak";"İstiklal";"Mahalle";"İstiklal Mahallesi Kuluncak Malatya";"kuluncak-istiklal-mahallesi"
"Kuluncak";"Karabük Mah";"Mahalle";"Karabük Mah Mahallesi Kuluncak Malatya";"kuluncak-karabuk-mah-mahallesi"
"Kuluncak";"Karaçayır";"Mahalle";"Karaçayır Mahallesi Kuluncak Malatya";"kuluncak-karacayir-mahallesi"
"Kuluncak";"Karıncalık";"Mahalle";"Karıncalık Mahallesi Kuluncak Malatya";"kuluncak-karincalik-mahallesi"
"Kuluncak";"Karlık";"Mahalle";"Karlık Mahallesi Kuluncak Malatya";"kuluncak-karlik-mahallesi"
"Kuluncak";"Kaynarca";"Mahalle";"Kaynarca Mahallesi Kuluncak Malatya";"kuluncak-kaynarca-mahallesi"
"Kuluncak";"Kızılhisar";"Mahalle";"Kızılhisar Mahallesi Kuluncak Malatya";"kuluncak-kizilhisar-mahallesi"
"Kuluncak";"Kızılmağara";"Mahalle";"Kızılmağara Mahallesi Kuluncak Malatya";"kuluncak-kizilmagara-mahallesi"
"Kuluncak";"Konaktepe";"Mahalle";"Konaktepe Mahallesi Kuluncak Malatya";"kuluncak-konaktepe-mahallesi"
"Kuluncak";"Kömüklü";"Mahalle";"Kömüklü Mahallesi Kuluncak Malatya";"kuluncak-komuklu-mahallesi"
"Kuluncak";"Ortapınar";"Mahalle";"Ortapınar Mahallesi Kuluncak Malatya";"kuluncak-ortapinar-mahallesi"
"Kuluncak";"Sofular";"Mahalle";"Sofular Mahallesi Kuluncak Malatya";"kuluncak-sofular-mahallesi"
"Kuluncak";"Sultanlı";"Mahalle";"Sultanlı Mahallesi Kuluncak Malatya";"kuluncak-sultanli-mahallesi"
"Kuluncak";"Temüklü";"Mahalle";"Temüklü Mahallesi Kuluncak Malatya";"kuluncak-temuklu-mahallesi"
"Kuluncak";"Yeni";"Mahalle";"Yeni Mahallesi Kuluncak Malatya";"kuluncak-yeni-mahallesi"
"Pütürge";"Ağalar";"Mahalle";"Ağalar Mahallesi Pütürge Malatya";"puturge-agalar-mahallesi"
"Pütürge";"Aktarla";"Mahalle";"Aktarla Mahallesi Pütürge Malatya";"puturge-aktarla-mahallesi"
"Pütürge";"Aliçeri";"Mahalle";"Aliçeri Mahallesi Pütürge Malatya";"puturge-aliceri-mahallesi"
"Pütürge";"Alihan";"Mahalle";"Alihan Mahallesi Pütürge Malatya";"puturge-alihan-mahallesi"
"Pütürge";"Arınlı";"Mahalle";"Arınlı Mahallesi Pütürge Malatya";"puturge-arinli-mahallesi"
"Pütürge";"Arıtoprak";"Mahalle";"Arıtoprak Mahallesi Pütürge Malatya";"puturge-aritoprak-mahallesi"
"Pütürge";"Arslankent";"Mahalle";"Arslankent Mahallesi Pütürge Malatya";"puturge-arslankent-mahallesi"
"Pütürge";"Bakımlı";"Mahalle";"Bakımlı Mahallesi Pütürge Malatya";"puturge-bakimli-mahallesi"
"Pütürge";"Balpınarı";"Mahalle";"Balpınarı Mahallesi Pütürge Malatya";"puturge-balpinari-mahallesi"
"Pütürge";"Başmezra";"Mahalle";"Başmezra Mahallesi Pütürge Malatya";"puturge-basmezra-mahallesi"
"Pütürge";"Bayırköy";"Mahalle";"Bayırköy Mahallesi Pütürge Malatya";"puturge-bayirkoy-mahallesi"
"Pütürge";"Belenköy";"Mahalle";"Belenköy Mahallesi Pütürge Malatya";"puturge-belenkoy-mahallesi"
"Pütürge";"Bölükkaya";"Mahalle";"Bölükkaya Mahallesi Pütürge Malatya";"puturge-bolukkaya-mahallesi"
"Pütürge";"Bölünmez";"Mahalle";"Bölünmez Mahallesi Pütürge Malatya";"puturge-bolunmez-mahallesi"
"Pütürge";"Büyüköz";"Mahalle";"Büyüköz Mahallesi Pütürge Malatya";"puturge-buyukoz-mahallesi"
"Pütürge";"Çamlıdere";"Mahalle";"Çamlıdere Mahallesi Pütürge Malatya";"puturge-camlidere-mahallesi"
"Pütürge";"Çayköy";"Mahalle";"Çayköy Mahallesi Pütürge Malatya";"puturge-caykoy-mahallesi"
"Pütürge";"Çengelli";"Mahalle";"Çengelli Mahallesi Pütürge Malatya";"puturge-cengelli-mahallesi"
"Pütürge";"Çığırlı";"Mahalle";"Çığırlı Mahallesi Pütürge Malatya";"puturge-cigirli-mahallesi"
"Pütürge";"Çukuroymağı";"Mahalle";"Çukuroymağı Mahallesi Pütürge Malatya";"puturge-cukuroymagi-mahallesi"
"Pütürge";"Deredüzü";"Mahalle";"Deredüzü Mahallesi Pütürge Malatya";"puturge-dereduzu-mahallesi"
"Pütürge";"Erdemler";"Mahalle";"Erdemler Mahallesi Pütürge Malatya";"puturge-erdemler-mahallesi"
"Pütürge";"Ersele";"Mahalle";"Ersele Mahallesi Pütürge Malatya";"puturge-ersele-mahallesi"
"Pütürge";"Esencik";"Mahalle";"Esencik Mahallesi Pütürge Malatya";"puturge-esencik-mahallesi"
"Pütürge";"Esenlik";"Mahalle";"Esenlik Mahallesi Pütürge Malatya";"puturge-esenlik-mahallesi"
"Pütürge";"Gertan";"Mahalle";"Gertan Mahallesi Pütürge Malatya";"puturge-gertan-mahallesi"
"Pütürge";"Gözlüce";"Mahalle";"Gözlüce Mahallesi Pütürge Malatya";"puturge-gozluce-mahallesi"
"Pütürge";"Gündeğer";"Mahalle";"Gündeğer Mahallesi Pütürge Malatya";"puturge-gundeger-mahallesi"
"Pütürge";"Gündüz";"Mahalle";"Gündüz Mahallesi Pütürge Malatya";"puturge-gunduz-mahallesi"
"Pütürge";"Hatip";"Mahalle";"Hatip Mahallesi Pütürge Malatya";"puturge-hatip-mahallesi"
"Pütürge";"Karakaya";"Mahalle";"Karakaya Mahallesi Pütürge Malatya";"puturge-karakaya-mahallesi"
"Pütürge";"Karşıyaka";"Mahalle";"Karşıyaka Mahallesi Pütürge Malatya";"puturge-karsiyaka-mahallesi"
"Pütürge";"Kavaklıdere";"Mahalle";"Kavaklıdere Mahallesi Pütürge Malatya";"puturge-kavaklidere-mahallesi"
"Pütürge";"Kayadere";"Mahalle";"Kayadere Mahallesi Pütürge Malatya";"puturge-kayadere-mahallesi"
"Pütürge";"Koçköy";"Mahalle";"Koçköy Mahallesi Pütürge Malatya";"puturge-kockoy-mahallesi"
"Pütürge";"Korucak";"Mahalle";"Korucak Mahallesi Pütürge Malatya";"puturge-korucak-mahallesi"
"Pütürge";"Kozluk";"Mahalle";"Kozluk Mahallesi Pütürge Malatya";"puturge-kozluk-mahallesi"
"Pütürge";"Köklükaya";"Mahalle";"Köklükaya Mahallesi Pütürge Malatya";"puturge-koklukaya-mahallesi"
"Pütürge";"Körme";"Mahalle";"Körme Mahallesi Pütürge Malatya";"puturge-korme-mahallesi"
"Pütürge";"Köylü";"Mahalle";"Köylü Mahallesi Pütürge Malatya";"puturge-koylu-mahallesi"
"Pütürge";"Meşedibi";"Mahalle";"Meşedibi Mahallesi Pütürge Malatya";"puturge-mesedibi-mahallesi"
"Pütürge";"Nohutlu";"Mahalle";"Nohutlu Mahallesi Pütürge Malatya";"puturge-nohutlu-mahallesi"
"Pütürge";"Ormaniçi";"Mahalle";"Ormaniçi Mahallesi Pütürge Malatya";"puturge-ormanici-mahallesi"
"Pütürge";"Örencik";"Mahalle";"Örencik Mahallesi Pütürge Malatya";"puturge-orencik-mahallesi"
"Pütürge";"Örmeli";"Mahalle";"Örmeli Mahallesi Pütürge Malatya";"puturge-ormeli-mahallesi"
"Pütürge";"Örnekköy";"Mahalle";"Örnekköy Mahallesi Pütürge Malatya";"puturge-ornekkoy-mahallesi"
"Pütürge";"Pazarcık";"Mahalle";"Pazarcık Mahallesi Pütürge Malatya";"puturge-pazarcik-mahallesi"
"Pütürge";"Poskıran";"Mahalle";"Poskıran Mahallesi Pütürge Malatya";"puturge-poskiran-mahallesi"
"Pütürge";"Sahilköy";"Mahalle";"Sahilköy Mahallesi Pütürge Malatya";"puturge-sahilkoy-mahallesi"
"Pütürge";"Söğütlü";"Mahalle";"Söğütlü Mahallesi Pütürge Malatya";"puturge-sogutlu-mahallesi"
"Pütürge";"Şiro Taraksu";"Mahalle";"Şiro Taraksu Mahallesi Pütürge Malatya";"puturge-siro-taraksu-mahallesi"
"Pütürge";"Şükan";"Mahalle";"Şükan Mahallesi Pütürge Malatya";"puturge-sukan-mahallesi"
"Pütürge";"Taşbaşı";"Mahalle";"Taşbaşı Mahallesi Pütürge Malatya";"puturge-tasbasi-mahallesi"
"Pütürge";"Taşmış";"Mahalle";"Taşmış Mahallesi Pütürge Malatya";"puturge-tasmis-mahallesi"
"Pütürge";"Taştepe";"Mahalle";"Taştepe Mahallesi Pütürge Malatya";"puturge-tastepe-mahallesi"
"Pütürge";"Tatlıcak";"Mahalle";"Tatlıcak Mahallesi Pütürge Malatya";"puturge-tatlicak-mahallesi"
"Pütürge";"Tekederesi";"Mahalle";"Tekederesi Mahallesi Pütürge Malatya";"puturge-tekederesi-mahallesi"
"Pütürge";"Teluşağı";"Mahalle";"Teluşağı Mahallesi Pütürge Malatya";"puturge-telusagi-mahallesi"
"Pütürge";"Tepehan";"Mahalle";"Tepehan Mahallesi Pütürge Malatya";"puturge-tepehan-mahallesi"
"Pütürge";"Ulutaş";"Mahalle";"Ulutaş Mahallesi Pütürge Malatya";"puturge-ulutas-mahallesi"
"Pütürge";"Uzunkoru";"Mahalle";"Uzunkoru Mahallesi Pütürge Malatya";"puturge-uzunkoru-mahallesi"
"Pütürge";"Uzuntaş";"Mahalle";"Uzuntaş Mahallesi Pütürge Malatya";"puturge-uzuntas-mahallesi"
"Pütürge";"Üçyaka";"Mahalle";"Üçyaka Mahallesi Pütürge Malatya";"puturge-ucyaka-mahallesi"
"Pütürge";"Yamaç";"Mahalle";"Yamaç Mahallesi Pütürge Malatya";"puturge-yamac-mahallesi"
"Pütürge";"Yandere";"Mahalle";"Yandere Mahallesi Pütürge Malatya";"puturge-yandere-mahallesi"
"Pütürge";"Yazıca";"Mahalle";"Yazıca Mahallesi Pütürge Malatya";"puturge-yazica-mahallesi"
"Pütürge";"Yediyol";"Mahalle";"Yediyol Mahallesi Pütürge Malatya";"puturge-yediyol-mahallesi"
"Pütürge";"Yeşildere";"Mahalle";"Yeşildere Mahallesi Pütürge Malatya";"puturge-yesildere-mahallesi"
"Yazıhan";"Akyazı";"Mahalle";"Akyazı Mahallesi Yazıhan Malatya";"yazihan-akyazi-mahallesi"
"Yazıhan";"Alican";"Mahalle";"Alican Mahallesi Yazıhan Malatya";"yazihan-alican-mahallesi"
"Yazıhan";"Ambarcık";"Mahalle";"Ambarcık Mahallesi Yazıhan Malatya";"yazihan-ambarcik-mahallesi"
"Yazıhan";"Bahçelievler";"Mahalle";"Bahçelievler Mahallesi Yazıhan Malatya";"yazihan-bahcelievler-mahallesi"
"Yazıhan";"Balaban";"Mahalle";"Balaban Mahallesi Yazıhan Malatya";"yazihan-balaban-mahallesi"
"Yazıhan";"Bereketli";"Mahalle";"Bereketli Mahallesi Yazıhan Malatya";"yazihan-bereketli-mahallesi"
"Yazıhan";"Boyaca";"Mahalle";"Boyaca Mahallesi Yazıhan Malatya";"yazihan-boyaca-mahallesi"
"Yazıhan";"Boztepe";"Mahalle";"Boztepe Mahallesi Yazıhan Malatya";"yazihan-boztepe-mahallesi"
"Yazıhan";"Böğürtlen";"Mahalle";"Böğürtlen Mahallesi Yazıhan Malatya";"yazihan-bogurtlen-mahallesi"
"Yazıhan";"Buzluk";"Mahalle";"Buzluk Mahallesi Yazıhan Malatya";"yazihan-buzluk-mahallesi"
"Yazıhan";"Çavuş";"Mahalle";"Çavuş Mahallesi Yazıhan Malatya";"yazihan-cavus-mahallesi"
"Yazıhan";"Çivril";"Mahalle";"Çivril Mahallesi Yazıhan Malatya";"yazihan-civril-mahallesi"
"Yazıhan";"Dedekargın";"Mahalle";"Dedekargın Mahallesi Yazıhan Malatya";"yazihan-dedekargin-mahallesi"
"Yazıhan";"Doğuş";"Mahalle";"Doğuş Mahallesi Yazıhan Malatya";"yazihan-dogus-mahallesi"
"Yazıhan";"Durucasu";"Mahalle";"Durucasu Mahallesi Yazıhan Malatya";"yazihan-durucasu-mahallesi"
"Yazıhan";"Eğribük";"Mahalle";"Eğribük Mahallesi Yazıhan Malatya";"yazihan-egribuk-mahallesi"
"Yazıhan";"Epreme";"Mahalle";"Epreme Mahallesi Yazıhan Malatya";"yazihan-epreme-mahallesi"
"Yazıhan";"Erecek";"Mahalle";"Erecek Mahallesi Yazıhan Malatya";"yazihan-erecek-mahallesi"
"Yazıhan";"Fethiye";"Mahalle";"Fethiye Mahallesi Yazıhan Malatya";"yazihan-fethiye-mahallesi"
"Yazıhan";"Gayret";"Mahalle";"Gayret Mahallesi Yazıhan Malatya";"yazihan-gayret-mahallesi"
"Yazıhan";"Gövük";"Mahalle";"Gövük Mahallesi Yazıhan Malatya";"yazihan-govuk-mahallesi"
"Yazıhan";"Hamidiye";"Mahalle";"Hamidiye Mahallesi Yazıhan Malatya";"yazihan-hamidiye-mahallesi"
"Yazıhan";"İriağaç";"Mahalle";"İriağaç Mahallesi Yazıhan Malatya";"yazihan-iriagac-mahallesi"
"Yazıhan";"Karaca";"Mahalle";"Karaca Mahallesi Yazıhan Malatya";"yazihan-karaca-mahallesi"
"Yazıhan";"Koşar";"Mahalle";"Koşar Mahallesi Yazıhan Malatya";"yazihan-kosar-mahallesi"
"Yazıhan";"Kömüşhan";"Mahalle";"Kömüşhan Mahallesi Yazıhan Malatya";"yazihan-komushan-mahallesi"
"Yazıhan";"Mısırdere";"Mahalle";"Mısırdere Mahallesi Yazıhan Malatya";"yazihan-misirdere-mahallesi"
"Yazıhan";"Sadıklı";"Mahalle";"Sadıklı Mahallesi Yazıhan Malatya";"yazihan-sadikli-mahallesi"
"Yazıhan";"Sinanlı";"Mahalle";"Sinanlı Mahallesi Yazıhan Malatya";"yazihan-sinanli-mahallesi"
"Yazıhan";"Sürür";"Mahalle";"Sürür Mahallesi Yazıhan Malatya";"yazihan-surur-mahallesi"
"Yazıhan";"Tahtalı";"Mahalle";"Tahtalı Mahallesi Yazıhan Malatya";"yazihan-tahtali-mahallesi"
"Yazıhan";"Tecirli";"Mahalle";"Tecirli Mahallesi Yazıhan Malatya";"yazihan-tecirli-mahallesi"
"Yazıhan";"Yeni";"Mahalle";"Yeni Mahallesi Yazıhan Malatya";"yazihan-yeni-mahallesi"
"Yeşilyurt";"Abdulgaffar";"Mahalle";"Abdulgaffar Mahallesi Yeşilyurt Malatya";"yesilyurt-abdulgaffar-mahallesi"
"Yeşilyurt";"Aşağıbağlar";"Mahalle";"Aşağıbağlar Mahallesi Yeşilyurt Malatya";"yesilyurt-asagibaglar-mahallesi"
"Yeşilyurt";"Aşağıköy";"Mahalle";"Aşağıköy Mahallesi Yeşilyurt Malatya";"yesilyurt-asagikoy-mahallesi"
"Yeşilyurt";"Atalar";"Mahalle";"Atalar Mahallesi Yeşilyurt Malatya";"yesilyurt-atalar-mahallesi"
"Yeşilyurt";"Atatürk";"Mahalle";"Atatürk Mahallesi Yeşilyurt Malatya";"yesilyurt-ataturk-mahallesi"
"Yeşilyurt";"Banazı";"Mahalle";"Banazı Mahallesi Yeşilyurt Malatya";"yesilyurt-banazi-mahallesi"
"Yeşilyurt";"Bentbaşı";"Mahalle";"Bentbaşı Mahallesi Yeşilyurt Malatya";"yesilyurt-bentbasi-mahallesi"
"Yeşilyurt";"Bindal";"Mahalle";"Bindal Mahallesi Yeşilyurt Malatya";"yesilyurt-bindal-mahallesi"
"Yeşilyurt";"Bostanbaşı";"Mahalle";"Bostanbaşı Mahallesi Yeşilyurt Malatya";"yesilyurt-bostanbasi-mahallesi"
"Yeşilyurt";"Cafana";"Mahalle";"Cafana Mahallesi Yeşilyurt Malatya";"yesilyurt-cafana-mahallesi"
"Yeşilyurt";"Cemal Gürsel";"Mahalle";"Cemal Gürsel Mahallesi Yeşilyurt Malatya";"yesilyurt-cemal-gursel-mahallesi"
"Yeşilyurt";"Cevatpaşa";"Mahalle";"Cevatpaşa Mahallesi Yeşilyurt Malatya";"yesilyurt-cevatpasa-mahallesi"
"Yeşilyurt";"Cumhuriyet";"Mahalle";"Cumhuriyet Mahallesi Yeşilyurt Malatya";"yesilyurt-cumhuriyet-mahallesi"
"Yeşilyurt";"Cumhuriyet Örnek";"Mahalle";"Cumhuriyet Örnek Mahallesi Yeşilyurt Malatya";"yesilyurt-cumhuriyet-ornek-mahallesi"
"Yeşilyurt";"Çarmuzu";"Mahalle";"Çarmuzu Mahallesi Yeşilyurt Malatya";"yesilyurt-carmuzu-mahallesi"
"Yeşilyurt";"Çavuşoğlu";"Mahalle";"Çavuşoğlu Mahallesi Yeşilyurt Malatya";"yesilyurt-cavusoglu-mahallesi"
"Yeşilyurt";"Çayırköy";"Mahalle";"Çayırköy Mahallesi Yeşilyurt Malatya";"yesilyurt-cayirkoy-mahallesi"
"Yeşilyurt";"Çilesiz";"Mahalle";"Çilesiz Mahallesi Yeşilyurt Malatya";"yesilyurt-cilesiz-mahallesi"
"Yeşilyurt";"Çukurdere";"Mahalle";"Çukurdere Mahallesi Yeşilyurt Malatya";"yesilyurt-cukurdere-mahallesi"
"Yeşilyurt";"Dilek";"Mahalle";"Dilek Mahallesi Yeşilyurt Malatya";"yesilyurt-dilek-mahallesi"
"Yeşilyurt";"Duranlar";"Mahalle";"Duranlar Mahallesi Yeşilyurt Malatya";"yesilyurt-duranlar-mahallesi"
"Yeşilyurt";"Duruldu";"Mahalle";"Duruldu Mahallesi Yeşilyurt Malatya";"yesilyurt-duruldu-mahallesi"
"Yeşilyurt";"Fatih";"Mahalle";"Fatih Mahallesi Yeşilyurt Malatya";"yesilyurt-fatih-mahallesi"
"Yeşilyurt";"Gazi";"Mahalle";"Gazi Mahallesi Yeşilyurt Malatya";"yesilyurt-gazi-mahallesi"
"Yeşilyurt";"Gedik";"Mahalle";"Gedik Mahallesi Yeşilyurt Malatya";"yesilyurt-gedik-mahallesi"
"Yeşilyurt";"Göktarla";"Mahalle";"Göktarla Mahallesi Yeşilyurt Malatya";"yesilyurt-goktarla-mahallesi"
"Yeşilyurt";"Gözene";"Mahalle";"Gözene Mahallesi Yeşilyurt Malatya";"yesilyurt-gozene-mahallesi"
"Yeşilyurt";"Gündüzbey";"Mahalle";"Gündüzbey Mahallesi Yeşilyurt Malatya";"yesilyurt-gunduzbey-mahallesi"
"Yeşilyurt";"Hamidiye";"Mahalle";"Hamidiye Mahallesi Yeşilyurt Malatya";"yesilyurt-hamidiye-mahallesi"
"Yeşilyurt";"Hıroğlu";"Mahalle";"Hıroğlu Mahallesi Yeşilyurt Malatya";"yesilyurt-hiroglu-mahallesi"
"Yeşilyurt";"Hocaahmetyesevi";"Mahalle";"Hocaahmetyesevi Mahallesi Yeşilyurt Malatya";"yesilyurt-hocaahmetyesevi-mahallesi"
"Yeşilyurt";"Horata";"Mahalle";"Horata Mahallesi Yeşilyurt Malatya";"yesilyurt-horata-mahallesi"
"Yeşilyurt";"Işıklı";"Mahalle";"Işıklı Mahallesi Yeşilyurt Malatya";"yesilyurt-isikli-mahallesi"
"Yeşilyurt";"İkizce";"Mahalle";"İkizce Mahallesi Yeşilyurt Malatya";"yesilyurt-ikizce-mahallesi"
"Yeşilyurt";"İlyas";"Mahalle";"İlyas Mahallesi Yeşilyurt Malatya";"yesilyurt-ilyas-mahallesi"
"Yeşilyurt";"İnönü";"Mahalle";"İnönü Mahallesi Yeşilyurt Malatya";"yesilyurt-inonu-mahallesi"
"Yeşilyurt";"Kadiruşağı";"Mahalle";"Kadiruşağı Mahallesi Yeşilyurt Malatya";"yesilyurt-kadirusagi-mahallesi"
"Yeşilyurt";"Karahan";"Mahalle";"Karahan Mahallesi Yeşilyurt Malatya";"yesilyurt-karahan-mahallesi"
"Yeşilyurt";"Karakavak";"Mahalle";"Karakavak Mahallesi Yeşilyurt Malatya";"yesilyurt-karakavak-mahallesi"
"Yeşilyurt";"Kaynarca";"Mahalle";"Kaynarca Mahallesi Yeşilyurt Malatya";"yesilyurt-kaynarca-mahallesi"
"Yeşilyurt";"Kendirli";"Mahalle";"Kendirli Mahallesi Yeşilyurt Malatya";"yesilyurt-kendirli-mahallesi"
"Yeşilyurt";"Kırkpınar";"Mahalle";"Kırkpınar Mahallesi Yeşilyurt Malatya";"yesilyurt-kirkpinar-mahallesi"
"Yeşilyurt";"Kırlangıç";"Mahalle";"Kırlangıç Mahallesi Yeşilyurt Malatya";"yesilyurt-kirlangic-mahallesi"
"Yeşilyurt";"Kiltepe";"Mahalle";"Kiltepe Mahallesi Yeşilyurt Malatya";"yesilyurt-kiltepe-mahallesi"
"Yeşilyurt";"Konak";"Mahalle";"Konak Mahallesi Yeşilyurt Malatya";"yesilyurt-konak-mahallesi"
"Yeşilyurt";"Koşu";"Mahalle";"Koşu Mahallesi Yeşilyurt Malatya";"yesilyurt-kosu-mahallesi"
"Yeşilyurt";"Koyunoğlu";"Mahalle";"Koyunoğlu Mahallesi Yeşilyurt Malatya";"yesilyurt-koyunoglu-mahallesi"
"Yeşilyurt";"Kozluk";"Mahalle";"Kozluk Mahallesi Yeşilyurt Malatya";"yesilyurt-kozluk-mahallesi"
"Yeşilyurt";"Kuşdoğan";"Mahalle";"Kuşdoğan Mahallesi Yeşilyurt Malatya";"yesilyurt-kusdogan-mahallesi"
"Yeşilyurt";"Kuyulu";"Mahalle";"Kuyulu Mahallesi Yeşilyurt Malatya";"yesilyurt-kuyulu-mahallesi"
"Yeşilyurt";"Mahmutlu";"Mahalle";"Mahmutlu Mahallesi Yeşilyurt Malatya";"yesilyurt-mahmutlu-mahallesi"
"Yeşilyurt";"Melekbaba";"Mahalle";"Melekbaba Mahallesi Yeşilyurt Malatya";"yesilyurt-melekbaba-mahallesi"
"Yeşilyurt";"Merkez Fatih";"Mahalle";"Merkez Fatih Mahallesi Yeşilyurt Malatya";"yesilyurt-merkez-fatih-mahallesi"
"Yeşilyurt";"Mullakassım";"Mahalle";"Mullakassım Mahallesi Yeşilyurt Malatya";"yesilyurt-mullakassim-mahallesi"
"Yeşilyurt";"Oluklu";"Mahalle";"Oluklu Mahallesi Yeşilyurt Malatya";"yesilyurt-oluklu-mahallesi"
"Yeşilyurt";"Ortaköy";"Mahalle";"Ortaköy Mahallesi Yeşilyurt Malatya";"yesilyurt-ortakoy-mahallesi"
"Yeşilyurt";"Öncü";"Mahalle";"Öncü Mahallesi Yeşilyurt Malatya";"yesilyurt-oncu-mahallesi"
"Yeşilyurt";"Özal";"Mahalle";"Özal Mahallesi Yeşilyurt Malatya";"yesilyurt-ozal-mahallesi"
"Yeşilyurt";"Özalper";"Mahalle";"Özalper Mahallesi Yeşilyurt Malatya";"yesilyurt-ozalper-mahallesi"
"Yeşilyurt";"Salkonak";"Mahalle";"Salkonak Mahallesi Yeşilyurt Malatya";"yesilyurt-salkonak-mahallesi"
"Yeşilyurt";"Salköprü";"Mahalle";"Salköprü Mahallesi Yeşilyurt Malatya";"yesilyurt-salkopru-mahallesi"
"Yeşilyurt";"Samanköy";"Mahalle";"Samanköy Mahallesi Yeşilyurt Malatya";"yesilyurt-samankoy-mahallesi"
"Yeşilyurt";"Samanlı";"Mahalle";"Samanlı Mahallesi Yeşilyurt Malatya";"yesilyurt-samanli-mahallesi"
"Yeşilyurt";"Seyituşağı";"Mahalle";"Seyituşağı Mahallesi Yeşilyurt Malatya";"yesilyurt-seyitusagi-mahallesi"
"Yeşilyurt";"Seyran";"Mahalle";"Seyran Mahallesi Yeşilyurt Malatya";"yesilyurt-seyran-mahallesi"
"Yeşilyurt";"Suluköy";"Mahalle";"Suluköy Mahallesi Yeşilyurt Malatya";"yesilyurt-sulukoy-mahallesi"
"Yeşilyurt";"Sütlüce";"Mahalle";"Sütlüce Mahallesi Yeşilyurt Malatya";"yesilyurt-sutluce-mahallesi"
"Yeşilyurt";"Şahnahan";"Mahalle";"Şahnahan Mahallesi Yeşilyurt Malatya";"yesilyurt-sahnahan-mahallesi"
"Yeşilyurt";"Şeyhbayram";"Mahalle";"Şeyhbayram Mahallesi Yeşilyurt Malatya";"yesilyurt-seyhbayram-mahallesi"
"Yeşilyurt";"Tecde";"Mahalle";"Tecde Mahallesi Yeşilyurt Malatya";"yesilyurt-tecde-mahallesi"
"Yeşilyurt";"Tepeköy";"Mahalle";"Tepeköy Mahallesi Yeşilyurt Malatya";"yesilyurt-tepekoy-mahallesi"
"Yeşilyurt";"Tohma";"Mahalle";"Tohma Mahallesi Yeşilyurt Malatya";"yesilyurt-tohma-mahallesi"
"Yeşilyurt";"Topraktepe";"Mahalle";"Topraktepe Mahallesi Yeşilyurt Malatya";"yesilyurt-topraktepe-mahallesi"
"Yeşilyurt";"Topsöğüt";"Mahalle";"Topsöğüt Mahallesi Yeşilyurt Malatya";"yesilyurt-topsogut-mahallesi"
"Yeşilyurt";"Turgut Özal";"Mahalle";"Turgut Özal Mahallesi Yeşilyurt Malatya";"yesilyurt-turgut-ozal-mahallesi"
"Yeşilyurt";"Üçgöze";"Mahalle";"Üçgöze Mahallesi Yeşilyurt Malatya";"yesilyurt-ucgoze-mahallesi"
"Yeşilyurt";"Yaka";"Mahalle";"Yaka Mahallesi Yeşilyurt Malatya";"yesilyurt-yaka-mahallesi"
"Yeşilyurt";"Yakınca";"Mahalle";"Yakınca Mahallesi Yeşilyurt Malatya";"yesilyurt-yakinca-mahallesi"
"Yeşilyurt";"Yalınkaya";"Mahalle";"Yalınkaya Mahallesi Yeşilyurt Malatya";"yesilyurt-yalinkaya-mahallesi"
"Yeşilyurt";"Yavuz Selim";"Mahalle";"Yavuz Selim Mahallesi Yeşilyurt Malatya";"yesilyurt-yavuz-selim-mahallesi"
"Yeşilyurt";"Yeşilkaynak";"Mahalle";"Yeşilkaynak Mahallesi Yeşilyurt Malatya";"yesilyurt-yesilkaynak-mahallesi"
"Yeşilyurt";"Zaviye";"Mahalle";"Zaviye Mahallesi Yeşilyurt Malatya";"yesilyurt-zaviye-mahallesi"
