"Ilce";"Yerlesim";"HaritaStatu";"KayitSayisi";"SeoKonumIfadesi";"Dogrulama"
"Arapgir";"Aduşağı";"Mezra/hamlet adayı";"1";"Aduşağı Arapgir Malatya";"Resmî olmayan harita kaydı; yerel doğrulama gerekli"
"Arapgir";"Ağaç";"Mezra/hamlet adayı";"1";"Ağaç Arapgir Malatya";"Resmî olmayan harita kaydı; yerel doğrulama gerekli"
"Arapgir";"Alanli";"Mezra/hamlet adayı";"1";"Alanli Arapgir Malatya";"Resmî olmayan harita kaydı; yerel doğrulama gerekli"
"Arapgir";"Aydoğdu";"Mezra/hamlet adayı";"1";"Aydoğdu Arapgir Malatya";"Resmî olmayan harita kaydı; yerel doğrulama gerekli"
"Arapgir";"Bahçeler";"Mezra/hamlet adayı";"1";"Bahçeler Arapgir Malatya";"Resmî olmayan harita kaydı; yerel doğrulama gerekli"
"Arapgir";"Ballıca";"Mezra/hamlet adayı";"2";"Ballıca Arapgir Malatya";"Resmî olmayan harita kaydı; yerel doğrulama gerekli"
"Arapgir";"Beygirli";"Mezra/hamlet adayı";"1";"Beygirli Arapgir Malatya";"Resmî olmayan harita kaydı; yerel doğrulama gerekli"
"Arapgir";"Bulgurlu";"Mezra/hamlet adayı";"1";"Bulgurlu Arapgir Malatya";"Resmî olmayan harita kaydı; yerel doğrulama gerekli"
"Arapgir";"Dilo";"Mezra/hamlet adayı";"1";"Dilo Arapgir Malatya";"Resmî olmayan harita kaydı; yerel doğrulama gerekli"
"Arapgir";"Dişterik";"Mezra/hamlet adayı";"1";"Dişterik Arapgir Malatya";"Resmî olmayan harita kaydı; yerel doğrulama gerekli"
"Arapgir";"Hacı Uşağı";"Mezra/hamlet adayı";"1";"Hacı Uşağı Arapgir Malatya";"Resmî olmayan harita kaydı; yerel doğrulama gerekli"
"Arapgir";"Haraç";"Mezra/hamlet adayı";"1";"Haraç Arapgir Malatya";"Resmî olmayan harita kaydı; yerel doğrulama gerekli"
"Arapgir";"Harpuzik";"Mezra/hamlet adayı";"1";"Harpuzik Arapgir Malatya";"Resmî olmayan harita kaydı; yerel doğrulama gerekli"
"Arapgir";"İlyas Kâhya";"Mezra/hamlet adayı";"1";"İlyas Kâhya Arapgir Malatya";"Resmî olmayan harita kaydı; yerel doğrulama gerekli"
"Arapgir";"İn";"Mezra/hamlet adayı";"1";"İn Arapgir Malatya";"Resmî olmayan harita kaydı; yerel doğrulama gerekli"
"Arapgir";"Kalınharman";"Mezra/hamlet adayı";"1";"Kalınharman Arapgir Malatya";"Resmî olmayan harita kaydı; yerel doğrulama gerekli"
"Arapgir";"Kayalısu Çiftliği";"Mezra/hamlet adayı";"1";"Kayalısu Çiftliği Arapgir Malatya";"Resmî olmayan harita kaydı; yerel doğrulama gerekli"
"Arapgir";"Kebir Uşağı";"Mezra/hamlet adayı";"1";"Kebir Uşağı Arapgir Malatya";"Resmî olmayan harita kaydı; yerel doğrulama gerekli"
"Arapgir";"Kozer Çiftliği";"Mezra/hamlet adayı";"1";"Kozer Çiftliği Arapgir Malatya";"Resmî olmayan harita kaydı; yerel doğrulama gerekli"
"Arapgir";"Levenge";"Mezra/hamlet adayı";"1";"Levenge Arapgir Malatya";"Resmî olmayan harita kaydı; yerel doğrulama gerekli"
"Arapgir";"Mehmetuşağı";"Mezra/hamlet adayı";"1";"Mehmetuşağı Arapgir Malatya";"Resmî olmayan harita kaydı; yerel doğrulama gerekli"
"Arapgir";"Rutop";"Mezra/hamlet adayı";"1";"Rutop Arapgir Malatya";"Resmî olmayan harita kaydı; yerel doğrulama gerekli"
"Arapgir";"Suceyin";"Mezra/hamlet adayı";"1";"Suceyin Arapgir Malatya";"Resmî olmayan harita kaydı; yerel doğrulama gerekli"
"Arapgir";"Tanışa";"Mezra/hamlet adayı";"1";"Tanışa Arapgir Malatya";"Resmî olmayan harita kaydı; yerel doğrulama gerekli"
"Arapgir";"Tosunlu";"Mezra/hamlet adayı";"1";"Tosunlu Arapgir Malatya";"Resmî olmayan harita kaydı; yerel doğrulama gerekli"
"Arapgir";"Üçtepe";"Mezra/hamlet adayı";"1";"Üçtepe Arapgir Malatya";"Resmî olmayan harita kaydı; yerel doğrulama gerekli"
"Arapgir";"Yayla";"Mezra/hamlet adayı";"1";"Yayla Arapgir Malatya";"Resmî olmayan harita kaydı; yerel doğrulama gerekli"
"Arapgir";"Yenibağ";"Mezra/hamlet adayı";"1";"Yenibağ Arapgir Malatya";"Resmî olmayan harita kaydı; yerel doğrulama gerekli"
"Arapgir";"Yıldız";"Mezra/hamlet adayı";"1";"Yıldız Arapgir Malatya";"Resmî olmayan harita kaydı; yerel doğrulama gerekli"
"Arapgir";"Yoluklu";"Mezra/hamlet adayı";"1";"Yoluklu Arapgir Malatya";"Resmî olmayan harita kaydı; yerel doğrulama gerekli"
"Arguvan";"Aşağıkonak";"Mezra/hamlet adayı";"1";"Aşağıkonak Arguvan Malatya";"Resmî olmayan harita kaydı; yerel doğrulama gerekli"
"Arguvan";"Çiftlik";"Mezra/hamlet adayı";"1";"Çiftlik Arguvan Malatya";"Resmî olmayan harita kaydı; yerel doğrulama gerekli"
"Arguvan";"Dalhançer";"Mezra/hamlet adayı";"1";"Dalhançer Arguvan Malatya";"Resmî olmayan harita kaydı; yerel doğrulama gerekli"
"Arguvan";"Gecekondu";"Mezra/hamlet adayı";"1";"Gecekondu Arguvan Malatya";"Resmî olmayan harita kaydı; yerel doğrulama gerekli"
"Arguvan";"Güvercinlik";"Mezra/hamlet adayı";"1";"Güvercinlik Arguvan Malatya";"Resmî olmayan harita kaydı; yerel doğrulama gerekli"
"Arguvan";"Hacılar";"Mezra/hamlet adayı";"1";"Hacılar Arguvan Malatya";"Resmî olmayan harita kaydı; yerel doğrulama gerekli"
"Arguvan";"Hacımusa";"Mezra/hamlet adayı";"1";"Hacımusa Arguvan Malatya";"Resmî olmayan harita kaydı; yerel doğrulama gerekli"
"Arguvan";"Horumhan";"Mezra/hamlet adayı";"1";"Horumhan Arguvan Malatya";"Resmî olmayan harita kaydı; yerel doğrulama gerekli"
"Arguvan";"Karakaya";"Mezra/hamlet adayı";"1";"Karakaya Arguvan Malatya";"Resmî olmayan harita kaydı; yerel doğrulama gerekli"
"Arguvan";"Kınık";"Mezra/hamlet adayı";"1";"Kınık Arguvan Malatya";"Resmî olmayan harita kaydı; yerel doğrulama gerekli"
"Arguvan";"Sedefuşağı";"Mezra/hamlet adayı";"1";"Sedefuşağı Arguvan Malatya";"Resmî olmayan harita kaydı; yerel doğrulama gerekli"
"Arguvan";"Uru";"Mezra/hamlet adayı";"1";"Uru Arguvan Malatya";"Resmî olmayan harita kaydı; yerel doğrulama gerekli"
"Doğanşehir";"Çay";"Mezra/hamlet adayı";"1";"Çay Doğanşehir Malatya";"Resmî olmayan harita kaydı; yerel doğrulama gerekli"
"Doğanşehir";"Sarıdanışma";"Mezra/hamlet adayı";"1";"Sarıdanışma Doğanşehir Malatya";"Resmî olmayan harita kaydı; yerel doğrulama gerekli"
"Hekimhan";"Aliağalar";"Mezra/hamlet adayı";"1";"Aliağalar Hekimhan Malatya";"Resmî olmayan harita kaydı; yerel doğrulama gerekli"
"Hekimhan";"Bağyolu";"Mezra/hamlet adayı";"1";"Bağyolu Hekimhan Malatya";"Resmî olmayan harita kaydı; yerel doğrulama gerekli"
"Hekimhan";"Çeki";"Mezra/hamlet adayı";"1";"Çeki Hekimhan Malatya";"Resmî olmayan harita kaydı; yerel doğrulama gerekli"
"Hekimhan";"Çobanpınarı";"Mezra/hamlet adayı";"1";"Çobanpınarı Hekimhan Malatya";"Resmî olmayan harita kaydı; yerel doğrulama gerekli"
"Hekimhan";"Darıyeri";"Mezra/hamlet adayı";"1";"Darıyeri Hekimhan Malatya";"Resmî olmayan harita kaydı; yerel doğrulama gerekli"
"Hekimhan";"Karamukça";"Mezra/hamlet adayı";"1";"Karamukça Hekimhan Malatya";"Resmî olmayan harita kaydı; yerel doğrulama gerekli"
"Hekimhan";"Kaymak";"Mezra/hamlet adayı";"1";"Kaymak Hekimhan Malatya";"Resmî olmayan harita kaydı; yerel doğrulama gerekli"
"Hekimhan";"Kurbağalı";"Mezra/hamlet adayı";"1";"Kurbağalı Hekimhan Malatya";"Resmî olmayan harita kaydı; yerel doğrulama gerekli"
"Hekimhan";"Seydimehmet";"Mezra/hamlet adayı";"1";"Seydimehmet Hekimhan Malatya";"Resmî olmayan harita kaydı; yerel doğrulama gerekli"
"Pütürge";"Köklükaya";"Mezra/hamlet adayı";"1";"Köklükaya Pütürge Malatya";"Resmî olmayan harita kaydı; yerel doğrulama gerekli"
