"Gün";"Tarih";"Haftanın günü";"Sıra";"Öncelik";"Tür";"URL";"Başlık";"Gönderildi mi"
"1";"09.08.2026";"Pazar";"1";"1";"Ana sayfa";"https://cbinsaat.com/";"CB İnşaat | Malatya Elektrik, Sıhhi Tesisat ve İnşaat";""
"1";"09.08.2026";"Pazar";"2";"1";"Hub";"https://cbinsaat.com/hizmetler/";"Hizmetler";""
"1";"09.08.2026";"Pazar";"3";"1";"Hub";"https://cbinsaat.com/bolgeler/";"Hizmet bölgeleri";""
"1";"09.08.2026";"Pazar";"4";"1";"Hub";"https://cbinsaat.com/blog/";"Blog";""
"1";"09.08.2026";"Pazar";"5";"1";"Hub";"https://cbinsaat.com/fiyatlar/";"Fiyatlar";""
"1";"09.08.2026";"Pazar";"6";"1";"Hub";"https://cbinsaat.com/projeler/";"Tamamlanan projeler";""
"1";"09.08.2026";"Pazar";"7";"1";"Dönüşüm";"https://cbinsaat.com/teklif/";"Ücretsiz keşif ve teklif";""
"1";"09.08.2026";"Pazar";"8";"1";"Dönüşüm";"https://cbinsaat.com/iletisim/";"İletişim";""
"1";"09.08.2026";"Pazar";"9";"1";"Kurumsal";"https://cbinsaat.com/hakkimizda/";"Hakkımızda";""
"1";"09.08.2026";"Pazar";"10";"1";"Kurumsal";"https://cbinsaat.com/sss/";"Sık sorulan sorular";""
"2";"10.08.2026";"Pazartesi";"1";"1";"Hizmet alanı";"https://cbinsaat.com/hizmetler/alan/anahtar-teslim-tadilat/";"Anahtar Teslim Tadilat hizmetleri";""
"2";"10.08.2026";"Pazartesi";"2";"1";"Hizmet alanı";"https://cbinsaat.com/hizmetler/alan/anahtar-teslim-yapim/";"Anahtar Teslim Yapım hizmetleri";""
"2";"10.08.2026";"Pazartesi";"3";"1";"Hizmet alanı";"https://cbinsaat.com/hizmetler/alan/elektrik/";"Elektrik hizmetleri";""
"2";"10.08.2026";"Pazartesi";"4";"1";"Hizmet alanı";"https://cbinsaat.com/hizmetler/alan/su-ve-tesisat/";"Su ve Tesisat hizmetleri";""
"2";"10.08.2026";"Pazartesi";"5";"1";"Hizmet alanı";"https://cbinsaat.com/hizmetler/alan/dogalgaz/";"Doğalgaz hizmetleri";""
"2";"10.08.2026";"Pazartesi";"6";"1";"Hizmet alanı";"https://cbinsaat.com/hizmetler/alan/pompa-ve-sulama/";"Pompa ve Sulama hizmetleri";""
"2";"10.08.2026";"Pazartesi";"7";"1";"Hizmet alanı";"https://cbinsaat.com/hizmetler/alan/mutfak-ve-banyo/";"Mutfak ve Banyo hizmetleri";""
"2";"10.08.2026";"Pazartesi";"8";"1";"Hizmet alanı";"https://cbinsaat.com/hizmetler/alan/ticari-tadilat/";"Ticari Tadilat hizmetleri";""
"2";"10.08.2026";"Pazartesi";"9";"1";"Hizmet alanı";"https://cbinsaat.com/hizmetler/alan/kaba-insaat/";"Kaba İnşaat hizmetleri";""
"2";"10.08.2026";"Pazartesi";"10";"1";"Hizmet alanı";"https://cbinsaat.com/hizmetler/alan/ince-insaat/";"İnce İnşaat hizmetleri";""
"3";"11.08.2026";"Salı";"1";"1";"Hizmet alanı";"https://cbinsaat.com/hizmetler/alan/cati-ve-dis-cephe/";"Çatı ve Dış Cephe hizmetleri";""
"3";"11.08.2026";"Salı";"2";"1";"Hizmet alanı";"https://cbinsaat.com/hizmetler/alan/bahce-ve-cevre/";"Bahçe ve Çevre hizmetleri";""
"3";"11.08.2026";"Salı";"3";"1";"Hizmet alanı";"https://cbinsaat.com/hizmetler/alan/proje-yonetimi/";"Proje Yönetimi hizmetleri";""
"3";"11.08.2026";"Salı";"4";"1";"Ana hizmet";"https://cbinsaat.com/hizmetler/anahtar-teslim-tadilat/";"Anahtar Teslim Tadilat";""
"3";"11.08.2026";"Salı";"5";"1";"Ana hizmet";"https://cbinsaat.com/hizmetler/daire-tadilati/";"Daire Tadilatı";""
"3";"11.08.2026";"Salı";"6";"1";"Ana hizmet";"https://cbinsaat.com/hizmetler/eski-ev-tadilati/";"Eski Ev Tadilatı";""
"3";"11.08.2026";"Salı";"7";"1";"Ana hizmet";"https://cbinsaat.com/hizmetler/mutfak-tadilati/";"Mutfak Tadilatı";""
"3";"11.08.2026";"Salı";"8";"1";"Ana hizmet";"https://cbinsaat.com/hizmetler/banyo-tadilati/";"Banyo Tadilatı";""
"3";"11.08.2026";"Salı";"9";"1";"Ana hizmet";"https://cbinsaat.com/hizmetler/deprem-sonrasi-tadilat/";"Deprem Sonrası İç Mekân Yenileme";""
"3";"11.08.2026";"Salı";"10";"1";"Ana hizmet";"https://cbinsaat.com/hizmetler/anahtar-teslim-daire/";"Anahtar Teslim Daire";""
"4";"12.08.2026";"Çarşamba";"1";"1";"Ana hizmet";"https://cbinsaat.com/hizmetler/bina-tesisat-yenileme/";"Bina Tesisat Yenileme";""
"4";"12.08.2026";"Çarşamba";"2";"1";"Ana hizmet";"https://cbinsaat.com/hizmetler/anahtar-teslim-sulama-sistemi/";"Anahtar Teslim Sulama Sistemi";""
"4";"12.08.2026";"Çarşamba";"3";"1";"Ana hizmet";"https://cbinsaat.com/hizmetler/kayisi-bahcesi-sulama/";"Kayısı Bahçesi Sulama Sistemi";""
"4";"12.08.2026";"Çarşamba";"4";"1";"Ana hizmet";"https://cbinsaat.com/hizmetler/sera-elektrik-sulama/";"Sera Elektrik ve Sulama Sistemi";""
"4";"12.08.2026";"Çarşamba";"5";"1";"Ana hizmet";"https://cbinsaat.com/hizmetler/anahtar-teslim-is-yeri/";"Anahtar Teslim İş Yeri";""
"4";"12.08.2026";"Çarşamba";"6";"1";"Ana hizmet";"https://cbinsaat.com/hizmetler/anahtar-teslim-insaat/";"Anahtar Teslim İnşaat";""
"4";"12.08.2026";"Çarşamba";"7";"1";"Ana hizmet";"https://cbinsaat.com/hizmetler/komple-ev-tadilati/";"Komple Ev Tadilatı";""
"4";"12.08.2026";"Çarşamba";"8";"1";"Ana hizmet";"https://cbinsaat.com/hizmetler/elektrik-tesisati/";"Elektrik Tesisatı";""
"4";"12.08.2026";"Çarşamba";"9";"1";"Ana hizmet";"https://cbinsaat.com/hizmetler/elektrik-ariza/";"Elektrik Arıza";""
"4";"12.08.2026";"Çarşamba";"10";"1";"Ana hizmet";"https://cbinsaat.com/hizmetler/avize-aydinlatma/";"Avize ve Aydınlatma";""
"5";"13.08.2026";"Perşembe";"1";"1";"Ana hizmet";"https://cbinsaat.com/hizmetler/elektrik-panosu/";"Elektrik Panosu";""
"5";"13.08.2026";"Perşembe";"2";"1";"Ana hizmet";"https://cbinsaat.com/hizmetler/kamera-guvenlik-sistemleri/";"Kamera ve Güvenlik Sistemleri";""
"5";"13.08.2026";"Perşembe";"3";"1";"Ana hizmet";"https://cbinsaat.com/hizmetler/uzaktan-kumanda-otomasyon/";"Uzaktan Kumanda ve Otomasyon";""
"5";"13.08.2026";"Perşembe";"4";"1";"Ana hizmet";"https://cbinsaat.com/hizmetler/sihhi-tesisat/";"Sıhhi Tesisat";""
"5";"13.08.2026";"Perşembe";"5";"1";"Ana hizmet";"https://cbinsaat.com/hizmetler/su-kacagi-tespiti/";"Su Kaçağı Tespiti";""
"5";"13.08.2026";"Perşembe";"6";"1";"Ana hizmet";"https://cbinsaat.com/hizmetler/tikali-gider-acma/";"Tıkalı Gider Açma";""
"5";"13.08.2026";"Perşembe";"7";"1";"Ana hizmet";"https://cbinsaat.com/hizmetler/hidrofor-tamiri/";"Hidrofor Tamiri";""
"5";"13.08.2026";"Perşembe";"8";"1";"Ana hizmet";"https://cbinsaat.com/hizmetler/hidrofor-pompa-sistemleri/";"Hidrofor ve Pompa Sistemleri";""
"5";"13.08.2026";"Perşembe";"9";"1";"Ana hizmet";"https://cbinsaat.com/hizmetler/tarimsal-sulama-sistemleri/";"Tarımsal Sulama Sistemleri";""
"5";"13.08.2026";"Perşembe";"10";"1";"Ana hizmet";"https://cbinsaat.com/hizmetler/dogalgaz-ic-tesisat/";"Doğalgaz İç Tesisatı";""
"6";"14.08.2026";"Cuma";"1";"1";"Ana hizmet";"https://cbinsaat.com/hizmetler/anahtar-teslim-mustakil-ev/";"Anahtar Teslim Müstakil Ev Yapımı";""
"6";"14.08.2026";"Cuma";"2";"1";"Ana hizmet";"https://cbinsaat.com/hizmetler/anahtar-teslim-villa/";"Anahtar Teslim Villa Yapımı";""
"6";"14.08.2026";"Cuma";"3";"1";"Ana hizmet";"https://cbinsaat.com/hizmetler/kaba-insaat/";"Kaba İnşaat İşleri";""
"6";"14.08.2026";"Cuma";"4";"1";"Ana hizmet";"https://cbinsaat.com/hizmetler/cati-yapimi/";"Çatı Yapımı ve Yenileme";""
"6";"14.08.2026";"Cuma";"5";"1";"Ana hizmet";"https://cbinsaat.com/hizmetler/ince-insaat-isleri/";"İnce İnşaat İşleri";""
"6";"14.08.2026";"Cuma";"6";"1";"Ana hizmet";"https://cbinsaat.com/hizmetler/boya-badana/";"Boya, Badana ve Alçı";""
"6";"14.08.2026";"Cuma";"7";"1";"Ana hizmet";"https://cbinsaat.com/hizmetler/dis-cephe-mantolama/";"Dış Cephe Mantolama";""
"6";"14.08.2026";"Cuma";"8";"1";"Ana hizmet";"https://cbinsaat.com/hizmetler/cati-izolasyonu/";"Çatı, Teras ve Balkon Su Yalıtımı";""
"6";"14.08.2026";"Cuma";"9";"1";"Ana hizmet";"https://cbinsaat.com/hizmetler/bahce-cevre-duzenleme/";"Bahçe ve Çevre Düzenleme";""
"6";"14.08.2026";"Cuma";"10";"1";"Ana hizmet";"https://cbinsaat.com/hizmetler/proje-uygulama-yonetimi/";"Proje ve Uygulama Yönetimi";""
"7";"15.08.2026";"Cumartesi";"1";"1";"Niyet";"https://cbinsaat.com/acil-elektrikci/";"Acil Elektrikçi";""
"7";"15.08.2026";"Cumartesi";"2";"1";"Niyet";"https://cbinsaat.com/acil-tesisatci/";"Acil Tesisatçı";""
"7";"15.08.2026";"Cumartesi";"3";"1";"Niyet";"https://cbinsaat.com/acil-su-kacagi/";"Acil Su Kaçağı Tespiti";""
"7";"15.08.2026";"Cumartesi";"4";"1";"Niyet";"https://cbinsaat.com/en-yakin-elektrikci/";"En Yakın Elektrikçi";""
"7";"15.08.2026";"Cumartesi";"5";"1";"Niyet";"https://cbinsaat.com/en-yakin-tesisatci/";"En Yakın Tesisatçı";""
"7";"15.08.2026";"Cumartesi";"6";"1";"Niyet";"https://cbinsaat.com/en-yakin-sulama-ustasi/";"En Yakın Sulama Ustası";""
"7";"15.08.2026";"Cumartesi";"7";"1";"Merkez ilçe";"https://cbinsaat.com/bolgeler/battalgazi/";"Battalgazi bölge sayfası";""
"7";"15.08.2026";"Cumartesi";"8";"1";"Merkez ilçe";"https://cbinsaat.com/bolgeler/yesilyurt/";"Yeşilyurt bölge sayfası";""
"7";"15.08.2026";"Cumartesi";"9";"2";"Hizmet";"https://cbinsaat.com/hizmetler/kiralik-ev-yenileme/";"Kiralık Ev Hazırlama";""
"7";"15.08.2026";"Cumartesi";"10";"2";"Hizmet";"https://cbinsaat.com/hizmetler/satis-oncesi-ev-yenileme/";"Satış Öncesi Ev Yenileme";""
"8";"16.08.2026";"Pazar";"1";"2";"Hizmet";"https://cbinsaat.com/hizmetler/villa-dubleks-tadilati/";"Villa ve Dubleks Tadilatı";""
"8";"16.08.2026";"Pazar";"2";"2";"Hizmet";"https://cbinsaat.com/hizmetler/apartman-ortak-alan-tadilati/";"Apartman Ortak Alan Tadilatı";""
"8";"16.08.2026";"Pazar";"3";"2";"Hizmet";"https://cbinsaat.com/hizmetler/kafe-restoran-tadilati/";"Kafe ve Restoran Tadilatı";""
"8";"16.08.2026";"Pazar";"4";"2";"Hizmet";"https://cbinsaat.com/hizmetler/dukkan-ofis-tadilati/";"Dükkan ve Ofis Tadilatı";""
"8";"16.08.2026";"Pazar";"5";"2";"Hizmet";"https://cbinsaat.com/hizmetler/dusakabin-montaji/";"Duşakabin ve Duş Teknesi Montajı";""
"8";"16.08.2026";"Pazar";"6";"2";"Hizmet";"https://cbinsaat.com/hizmetler/vitrifiye-armatur-montaji/";"Vitrifiye ve Armatür Montajı";""
"8";"16.08.2026";"Pazar";"7";"2";"Hizmet";"https://cbinsaat.com/hizmetler/kombi-petek-montaji/";"Kombi ve Petek Montajı";""
"8";"16.08.2026";"Pazar";"8";"2";"Hizmet";"https://cbinsaat.com/hizmetler/priz-tamiri/";"Priz Tamiri ve Montajı";""
"8";"16.08.2026";"Pazar";"9";"2";"Hizmet";"https://cbinsaat.com/hizmetler/topraklama-paratoner/";"Topraklama ve Paratoner";""
"8";"16.08.2026";"Pazar";"10";"2";"Hizmet";"https://cbinsaat.com/hizmetler/kompanzasyon-panosu/";"Kompanzasyon Panosu";""
"9";"17.08.2026";"Pazartesi";"1";"2";"Hizmet";"https://cbinsaat.com/hizmetler/jenerator-ups/";"Jeneratör ve UPS";""
"9";"17.08.2026";"Pazartesi";"2";"2";"Hizmet";"https://cbinsaat.com/hizmetler/fabrika-elektrik-tesisati/";"Fabrika Elektrik Tesisatı";""
"9";"17.08.2026";"Pazartesi";"3";"2";"Hizmet";"https://cbinsaat.com/hizmetler/diafon-goruntulu-konusma/";"Diafon ve Görüntülü Konuşma";""
"9";"17.08.2026";"Pazartesi";"4";"2";"Hizmet";"https://cbinsaat.com/hizmetler/su-deposu-temizligi/";"Su Deposu Temizliği";""
"9";"17.08.2026";"Pazartesi";"5";"2";"Hizmet";"https://cbinsaat.com/hizmetler/petek-temizligi/";"Petek Temizliği";""
"9";"17.08.2026";"Pazartesi";"6";"2";"Hizmet";"https://cbinsaat.com/hizmetler/mekanik-tesisat/";"Mekanik Tesisat";""
"9";"17.08.2026";"Pazartesi";"7";"2";"Hizmet";"https://cbinsaat.com/hizmetler/yangin-tesisati/";"Yangın Tesisatı";""
"9";"17.08.2026";"Pazartesi";"8";"2";"Hizmet";"https://cbinsaat.com/hizmetler/bahce-sulama/";"Bahçe Sulama Sistemleri";""
"9";"17.08.2026";"Pazartesi";"9";"2";"Hizmet";"https://cbinsaat.com/hizmetler/gunes-enerjisi-su-sistemi/";"Güneş Enerjisi Su Sistemi";""
"9";"17.08.2026";"Pazartesi";"10";"2";"Hizmet";"https://cbinsaat.com/hizmetler/kombi-bakim-ariza/";"Kombi Bakımı ve Arıza";""
"10";"18.08.2026";"Salı";"1";"2";"Hizmet";"https://cbinsaat.com/hizmetler/yerden-isitma/";"Yerden Isıtma Sistemi";""
"10";"18.08.2026";"Salı";"2";"2";"Hizmet";"https://cbinsaat.com/hizmetler/bag-evi-koy-evi/";"Bağ Evi ve Köy Evi Yapımı";""
"10";"18.08.2026";"Salı";"3";"2";"Hizmet";"https://cbinsaat.com/hizmetler/dukkan-is-yeri-yapimi/";"Dükkan ve İş Yeri Yapımı";""
"10";"18.08.2026";"Salı";"4";"2";"Hizmet";"https://cbinsaat.com/hizmetler/depo-atolye-yapimi/";"Depo ve Atölye Yapımı";""
"10";"18.08.2026";"Salı";"5";"2";"Hizmet";"https://cbinsaat.com/hizmetler/ofis-ticari-alan/";"Ofis ve Ticari Alan Uygulamaları";""
"10";"18.08.2026";"Salı";"6";"2";"Hizmet";"https://cbinsaat.com/hizmetler/prefabrik-hafif-celik/";"Prefabrik ve Hafif Çelik Yapı";""
"10";"18.08.2026";"Salı";"7";"2";"Hizmet";"https://cbinsaat.com/hizmetler/duvar-orme/";"Duvar Örme ve Kırım İşleri";""
"10";"18.08.2026";"Salı";"8";"2";"Hizmet";"https://cbinsaat.com/hizmetler/sap-zemin-hazirligi/";"Şap ve Zemin Hazırlığı";""
"10";"18.08.2026";"Salı";"9";"2";"Hizmet";"https://cbinsaat.com/hizmetler/alcipan-asma-tavan/";"Alçıpan Bölme ve Asma Tavan";""
"10";"18.08.2026";"Salı";"10";"2";"Hizmet";"https://cbinsaat.com/hizmetler/seramik-fayans/";"Seramik ve Fayans Döşeme";""
"11";"19.08.2026";"Çarşamba";"1";"2";"Hizmet";"https://cbinsaat.com/hizmetler/parke-laminat/";"Parke ve Laminat Döşeme";""
"11";"19.08.2026";"Çarşamba";"2";"2";"Hizmet";"https://cbinsaat.com/hizmetler/kapi-pencere-dograma/";"Kapı, Pencere ve Doğrama Montajı";""
"11";"19.08.2026";"Çarşamba";"3";"2";"Hizmet";"https://cbinsaat.com/hizmetler/mermer-granit/";"Mermer ve Granit Uygulamaları";""
"11";"19.08.2026";"Çarşamba";"4";"2";"Hizmet";"https://cbinsaat.com/hizmetler/dis-cephe-boya/";"Dış Cephe Boya ve Cephe Yenileme";""
"11";"19.08.2026";"Çarşamba";"5";"2";"Hizmet";"https://cbinsaat.com/hizmetler/demir-korkuluk/";"Demir Korkuluk, Bahçe Kapısı ve Sundurma";""
"11";"19.08.2026";"Çarşamba";"6";"2";"Fiyat";"https://cbinsaat.com/fiyatlar/priz-tamiri/";"Priz Tamiri ve Montajı fiyatları";""
"11";"19.08.2026";"Çarşamba";"7";"2";"Fiyat";"https://cbinsaat.com/fiyatlar/avize-aydinlatma/";"Avize ve Aydınlatma fiyatları";""
"11";"19.08.2026";"Çarşamba";"8";"2";"Fiyat";"https://cbinsaat.com/fiyatlar/elektrik-ariza/";"Elektrik Arıza fiyatları";""
"11";"19.08.2026";"Çarşamba";"9";"2";"Fiyat";"https://cbinsaat.com/fiyatlar/elektrik-panosu/";"Elektrik Panosu fiyatları";""
"11";"19.08.2026";"Çarşamba";"10";"2";"Fiyat";"https://cbinsaat.com/fiyatlar/elektrik-tesisati/";"Elektrik Tesisatı fiyatları";""
"12";"20.08.2026";"Perşembe";"1";"2";"Fiyat";"https://cbinsaat.com/fiyatlar/topraklama-paratoner/";"Topraklama ve Paratoner fiyatları";""
"12";"20.08.2026";"Perşembe";"2";"2";"Fiyat";"https://cbinsaat.com/fiyatlar/tikali-gider-acma/";"Tıkalı Gider Açma fiyatları";""
"12";"20.08.2026";"Perşembe";"3";"2";"Fiyat";"https://cbinsaat.com/fiyatlar/su-kacagi-tespiti/";"Su Kaçağı Tespiti fiyatları";""
"12";"20.08.2026";"Perşembe";"4";"2";"Fiyat";"https://cbinsaat.com/fiyatlar/sihhi-tesisat/";"Sıhhi Tesisat fiyatları";""
"12";"20.08.2026";"Perşembe";"5";"2";"Fiyat";"https://cbinsaat.com/fiyatlar/petek-temizligi/";"Petek Temizliği fiyatları";""
"12";"20.08.2026";"Perşembe";"6";"2";"Fiyat";"https://cbinsaat.com/fiyatlar/hidrofor-tamiri/";"Hidrofor Tamiri fiyatları";""
"12";"20.08.2026";"Perşembe";"7";"2";"Fiyat";"https://cbinsaat.com/fiyatlar/su-deposu-temizligi/";"Su Deposu Temizliği fiyatları";""
"12";"20.08.2026";"Perşembe";"8";"2";"Fiyat";"https://cbinsaat.com/fiyatlar/dusakabin-montaji/";"Duşakabin ve Duş Teknesi Montajı fiyatları";""
"12";"20.08.2026";"Perşembe";"9";"2";"Fiyat";"https://cbinsaat.com/fiyatlar/vitrifiye-armatur-montaji/";"Vitrifiye ve Armatür Montajı fiyatları";""
"12";"20.08.2026";"Perşembe";"10";"2";"Fiyat";"https://cbinsaat.com/fiyatlar/kombi-petek-montaji/";"Kombi ve Petek Montajı fiyatları";""
"13";"21.08.2026";"Cuma";"1";"2";"Fiyat";"https://cbinsaat.com/fiyatlar/kamera-guvenlik-sistemleri/";"Kamera ve Güvenlik Sistemleri fiyatları";""
"13";"21.08.2026";"Cuma";"2";"2";"Fiyat";"https://cbinsaat.com/fiyatlar/diafon-goruntulu-konusma/";"Diafon ve Görüntülü Konuşma fiyatları";""
"13";"21.08.2026";"Cuma";"3";"2";"Fiyat";"https://cbinsaat.com/fiyatlar/uzaktan-kumanda-otomasyon/";"Uzaktan Kumanda ve Otomasyon fiyatları";""
"13";"21.08.2026";"Cuma";"4";"2";"Fiyat";"https://cbinsaat.com/fiyatlar/mutfak-tadilati/";"Mutfak Tadilatı fiyatları";""
"13";"21.08.2026";"Cuma";"5";"2";"Fiyat";"https://cbinsaat.com/fiyatlar/banyo-tadilati/";"Banyo Tadilatı fiyatları";""
"13";"21.08.2026";"Cuma";"6";"2";"Fiyat";"https://cbinsaat.com/fiyatlar/komple-ev-tadilati/";"Komple Ev Tadilatı fiyatları";""
"13";"21.08.2026";"Cuma";"7";"2";"Fiyat";"https://cbinsaat.com/fiyatlar/daire-tadilati/";"Daire Tadilatı fiyatları";""
"13";"21.08.2026";"Cuma";"8";"2";"Fiyat";"https://cbinsaat.com/fiyatlar/kiralik-ev-yenileme/";"Kiralık Ev Hazırlama fiyatları";""
"13";"21.08.2026";"Cuma";"9";"2";"Fiyat";"https://cbinsaat.com/fiyatlar/satis-oncesi-ev-yenileme/";"Satış Öncesi Ev Yenileme fiyatları";""
"13";"21.08.2026";"Cuma";"10";"2";"Fiyat";"https://cbinsaat.com/fiyatlar/dukkan-ofis-tadilati/";"Dükkan ve Ofis Tadilatı fiyatları";""
"14";"22.08.2026";"Cumartesi";"1";"2";"Fiyat";"https://cbinsaat.com/fiyatlar/bahce-sulama/";"Bahçe Sulama Sistemleri fiyatları";""
"14";"22.08.2026";"Cumartesi";"2";"2";"Fiyat";"https://cbinsaat.com/fiyatlar/hidrofor-pompa-sistemleri/";"Hidrofor ve Pompa Sistemleri fiyatları";""
"14";"22.08.2026";"Cumartesi";"3";"2";"Fiyat";"https://cbinsaat.com/fiyatlar/anahtar-teslim-tadilat/";"Anahtar Teslim Tadilat fiyatları";""
"14";"22.08.2026";"Cumartesi";"4";"2";"Fiyat";"https://cbinsaat.com/fiyatlar/anahtar-teslim-daire/";"Anahtar Teslim Daire fiyatları";""
"14";"22.08.2026";"Cumartesi";"5";"2";"Fiyat";"https://cbinsaat.com/fiyatlar/anahtar-teslim-insaat/";"Anahtar Teslim İnşaat fiyatları";""
"14";"22.08.2026";"Cumartesi";"6";"2";"Fiyat";"https://cbinsaat.com/fiyatlar/anahtar-teslim-is-yeri/";"Anahtar Teslim İş Yeri fiyatları";""
"14";"22.08.2026";"Cumartesi";"7";"2";"Fiyat";"https://cbinsaat.com/fiyatlar/bina-tesisat-yenileme/";"Bina Tesisat Yenileme fiyatları";""
"14";"22.08.2026";"Cumartesi";"8";"2";"Fiyat";"https://cbinsaat.com/fiyatlar/villa-dubleks-tadilati/";"Villa ve Dubleks Tadilatı fiyatları";""
"14";"22.08.2026";"Cumartesi";"9";"2";"Fiyat";"https://cbinsaat.com/fiyatlar/kafe-restoran-tadilati/";"Kafe ve Restoran Tadilatı fiyatları";""
"14";"22.08.2026";"Cumartesi";"10";"2";"Fiyat";"https://cbinsaat.com/fiyatlar/apartman-ortak-alan-tadilati/";"Apartman Ortak Alan Tadilatı fiyatları";""
"15";"23.08.2026";"Pazar";"1";"2";"Fiyat";"https://cbinsaat.com/fiyatlar/deprem-sonrasi-tadilat/";"Deprem Sonrası İç Mekân Yenileme fiyatları";""
"15";"23.08.2026";"Pazar";"2";"2";"Fiyat";"https://cbinsaat.com/fiyatlar/eski-ev-tadilati/";"Eski Ev Tadilatı fiyatları";""
"15";"23.08.2026";"Pazar";"3";"2";"Fiyat";"https://cbinsaat.com/fiyatlar/anahtar-teslim-sulama-sistemi/";"Anahtar Teslim Sulama Sistemi fiyatları";""
"15";"23.08.2026";"Pazar";"4";"2";"Fiyat";"https://cbinsaat.com/fiyatlar/kayisi-bahcesi-sulama/";"Kayısı Bahçesi Sulama Sistemi fiyatları";""
"15";"23.08.2026";"Pazar";"5";"2";"Fiyat";"https://cbinsaat.com/fiyatlar/sera-elektrik-sulama/";"Sera Elektrik ve Sulama Sistemi fiyatları";""
"15";"23.08.2026";"Pazar";"6";"2";"Fiyat";"https://cbinsaat.com/fiyatlar/fabrika-elektrik-tesisati/";"Fabrika Elektrik Tesisatı fiyatları";""
"15";"23.08.2026";"Pazar";"7";"2";"İlçe";"https://cbinsaat.com/bolgeler/akcadag/";"Akçadağ bölge sayfası";""
"15";"23.08.2026";"Pazar";"8";"2";"İlçe";"https://cbinsaat.com/bolgeler/arapgir/";"Arapgir bölge sayfası";""
"15";"23.08.2026";"Pazar";"9";"2";"İlçe";"https://cbinsaat.com/bolgeler/arguvan/";"Arguvan bölge sayfası";""
"15";"23.08.2026";"Pazar";"10";"2";"İlçe";"https://cbinsaat.com/bolgeler/darende/";"Darende bölge sayfası";""
"16";"24.08.2026";"Pazartesi";"1";"2";"İlçe";"https://cbinsaat.com/bolgeler/dogansehir/";"Doğanşehir bölge sayfası";""
"16";"24.08.2026";"Pazartesi";"2";"2";"İlçe";"https://cbinsaat.com/bolgeler/doganyol/";"Doğanyol bölge sayfası";""
"16";"24.08.2026";"Pazartesi";"3";"2";"İlçe";"https://cbinsaat.com/bolgeler/hekimhan/";"Hekimhan bölge sayfası";""
"16";"24.08.2026";"Pazartesi";"4";"2";"İlçe";"https://cbinsaat.com/bolgeler/kale/";"Kale bölge sayfası";""
"16";"24.08.2026";"Pazartesi";"5";"2";"İlçe";"https://cbinsaat.com/bolgeler/kuluncak/";"Kuluncak bölge sayfası";""
"16";"24.08.2026";"Pazartesi";"6";"2";"İlçe";"https://cbinsaat.com/bolgeler/puturge/";"Pütürge bölge sayfası";""
"16";"24.08.2026";"Pazartesi";"7";"2";"İlçe";"https://cbinsaat.com/bolgeler/yazihan/";"Yazıhan bölge sayfası";""
"16";"24.08.2026";"Pazartesi";"8";"2";"Blog kategorisi";"https://cbinsaat.com/blog/kategori/tadilat/";"Tadilat yazıları";""
"16";"24.08.2026";"Pazartesi";"9";"2";"Blog kategorisi";"https://cbinsaat.com/blog/kategori/insaat/";"İnşaat yazıları";""
"16";"24.08.2026";"Pazartesi";"10";"2";"Blog kategorisi";"https://cbinsaat.com/blog/kategori/ince-isler/";"İnce İşler yazıları";""
"17";"25.08.2026";"Salı";"1";"2";"Blog kategorisi";"https://cbinsaat.com/blog/kategori/cati-ve-cephe/";"Çatı ve Cephe yazıları";""
"17";"25.08.2026";"Salı";"2";"2";"Blog kategorisi";"https://cbinsaat.com/blog/kategori/elektrik/";"Elektrik yazıları";""
"17";"25.08.2026";"Salı";"3";"2";"Blog kategorisi";"https://cbinsaat.com/blog/kategori/isitma/";"Isıtma yazıları";""
"17";"25.08.2026";"Salı";"4";"2";"Blog kategorisi";"https://cbinsaat.com/blog/kategori/pompa/";"Pompa yazıları";""
"17";"25.08.2026";"Salı";"5";"2";"Blog kategorisi";"https://cbinsaat.com/blog/kategori/sulama/";"Sulama yazıları";""
"17";"25.08.2026";"Salı";"6";"2";"Blog kategorisi";"https://cbinsaat.com/blog/kategori/sihhi-tesisat/";"Sıhhi Tesisat yazıları";""
"17";"25.08.2026";"Salı";"7";"2";"Blog kategorisi";"https://cbinsaat.com/blog/kategori/bakim/";"Bakım yazıları";""
"17";"25.08.2026";"Salı";"8";"2";"Blog kategorisi";"https://cbinsaat.com/blog/kategori/aydinlatma/";"Aydınlatma yazıları";""
"17";"25.08.2026";"Salı";"9";"2";"Blog kategorisi";"https://cbinsaat.com/blog/kategori/enerji/";"Enerji yazıları";""
"17";"25.08.2026";"Salı";"10";"2";"Blog kategorisi";"https://cbinsaat.com/blog/kategori/sanayi-elektrigi/";"Sanayi Elektriği yazıları";""
"18";"26.08.2026";"Çarşamba";"1";"2";"Blog kategorisi";"https://cbinsaat.com/blog/kategori/bahce-ve-cevre/";"Bahçe ve Çevre yazıları";""
"18";"26.08.2026";"Çarşamba";"2";"2";"Blog kategorisi";"https://cbinsaat.com/blog/kategori/guvenlik/";"Güvenlik yazıları";""
"18";"26.08.2026";"Çarşamba";"3";"2";"Blog";"https://cbinsaat.com/blog/guvenlik-kamerasi-secim-rehberi/";"Güvenlik kamerası seçimi: kaç kamera, hangi çözünürlük?";""
"18";"26.08.2026";"Çarşamba";"4";"2";"Blog";"https://cbinsaat.com/blog/su-kacagi-nasil-bulunur-blog/";"Su kaçağı nasıl bulunur? Duvarı açmadan tespit";""
"18";"26.08.2026";"Çarşamba";"5";"2";"Blog";"https://cbinsaat.com/blog/dukkan-tadilati-elektrik-aydinlatma/";"Dükkan tadilatında elektrik ve aydınlatma planı";""
"18";"26.08.2026";"Çarşamba";"6";"2";"Blog";"https://cbinsaat.com/blog/ic-mekan-priz-plani/";"Priz planı: kaç tane, nereye, hangi yükseklikte?";""
"18";"26.08.2026";"Çarşamba";"7";"2";"Blog";"https://cbinsaat.com/blog/kucuk-daireyi-buyuk-gostermek/";"Küçük daireyi büyük göstermenin teknik yolları";""
"18";"26.08.2026";"Çarşamba";"8";"2";"Blog";"https://cbinsaat.com/blog/kar-yuku-ve-cati-tasarimi/";"Malatya'da kar yükü çatı tasarımını nasıl etkiler?";""
"18";"26.08.2026";"Çarşamba";"9";"2";"Blog";"https://cbinsaat.com/blog/seramik-mi-parke-mi/";"Seramik mi parke mi? Oda oda karar rehberi";""
"18";"26.08.2026";"Çarşamba";"10";"2";"Blog";"https://cbinsaat.com/blog/sera-elektrik-ve-otomasyon/";"Serada elektrik ve otomasyon: nelere dikkat edilir?";""
"19";"27.08.2026";"Perşembe";"1";"2";"Blog";"https://cbinsaat.com/blog/cepheden-nem-alan-duvar/";"Duvar içeriden nem alıyor: sebebi dışarıda mı?";""
"19";"27.08.2026";"Perşembe";"2";"2";"Blog";"https://cbinsaat.com/blog/anahtar-teslim-insaat-kapsami/";"Anahtar teslim inşaat hangi işleri kapsar?";""
"19";"27.08.2026";"Perşembe";"3";"2";"Blog";"https://cbinsaat.com/blog/ic-mekan-aydinlatma-planlama/";"İç mekân aydınlatması nasıl planlanır?";""
"19";"27.08.2026";"Perşembe";"4";"2";"Blog";"https://cbinsaat.com/blog/deprem-sonrasi-ic-mekan-yenileme/";"Deprem sonrası iç mekân yenilemesinde nelere dikkat edilir?";""
"19";"27.08.2026";"Perşembe";"5";"2";"Blog";"https://cbinsaat.com/blog/ofis-kurulumunda-altyapi/";"Ofis kurulumunda altyapıyı doğru planlamak";""
"19";"27.08.2026";"Perşembe";"6";"2";"Blog";"https://cbinsaat.com/blog/tadilatta-komsu-iliskileri/";"Tadilat sırasında komşularla sorun yaşamamak";""
"19";"27.08.2026";"Perşembe";"7";"2";"Blog";"https://cbinsaat.com/blog/muteahhit-secerken-sorulacak-sorular/";"Müteahhit seçerken sorulması gereken 10 soru";""
"19";"27.08.2026";"Perşembe";"8";"2";"Blog";"https://cbinsaat.com/blog/demir-isleri-neden-paslanir/";"Korkuluk ve demir işleri neden paslanır?";""
"19";"27.08.2026";"Perşembe";"9";"2";"Blog";"https://cbinsaat.com/blog/otomatik-bahce-sulama/";"Otomatik bahçe sulama sistemi nasıl kurulur?";""
"19";"27.08.2026";"Perşembe";"10";"2";"Blog";"https://cbinsaat.com/blog/bahce-aydinlatmasi-nasil-planlanir/";"Bahçe aydınlatması nasıl planlanır?";""
"20";"28.08.2026";"Cuma";"1";"2";"Blog";"https://cbinsaat.com/blog/kucuk-banyoda-cozumler/";"Küçük banyoda alan kazandıran çözümler";""
"20";"28.08.2026";"Cuma";"2";"2";"Blog";"https://cbinsaat.com/blog/dukkan-tadilatinda-acilis-takvimi/";"Dükkan tadilatında açılış tarihine yetişmek";""
"20";"28.08.2026";"Cuma";"3";"2";"Blog";"https://cbinsaat.com/blog/yapi-teslim-kontrol-listesi/";"Teslim öncesi kontrol listesi: neye bakmalı?";""
"20";"28.08.2026";"Cuma";"4";"2";"Blog";"https://cbinsaat.com/blog/kis-gelmeden-yapilacak-10-kontrol/";"Kış gelmeden yapılacak 10 kontrol";""
"20";"28.08.2026";"Cuma";"5";"2";"Blog";"https://cbinsaat.com/blog/apartman-ortak-alan-yenileme/";"Apartman ortak alan yenilemesi: karardan teslime";""
"20";"28.08.2026";"Cuma";"6";"2";"Blog";"https://cbinsaat.com/blog/isyeri-elektrik-gucu-hesabi/";"İş yerinde elektrik gücü nasıl hesaplanır?";""
"20";"28.08.2026";"Cuma";"7";"2";"Blog";"https://cbinsaat.com/blog/kombi-mi-degistirmeli-tamir-mi/";"Kombi tamir mi edilmeli değiştirilmeli mi? Karar tablosu";""
"20";"28.08.2026";"Cuma";"8";"2";"Blog";"https://cbinsaat.com/blog/balkon-yenilemede-sira/";"Balkon yenilemede doğru sıra";""
"20";"28.08.2026";"Cuma";"9";"2";"Blog";"https://cbinsaat.com/blog/gunes-enerjisiyle-sulama/";"Güneş enerjisiyle sulama: nerede mantıklı?";""
"20";"28.08.2026";"Cuma";"10";"2";"Blog";"https://cbinsaat.com/blog/eski-ev-tadilatinda-oncelik/";"Eski ev tadilatında öncelik sırası nasıl kurulur?";""
"21";"29.08.2026";"Cumartesi";"1";"2";"Blog";"https://cbinsaat.com/blog/banyo-tadilati-siralama/";"Banyo tadilatında doğru uygulama sırası";""
"21";"29.08.2026";"Cumartesi";"2";"2";"Blog";"https://cbinsaat.com/blog/granit-mi-mermer-mi-tezgah/";"Mutfak tezgâhı: granit mi mermer mi kompozit mi?";""
"21";"29.08.2026";"Cumartesi";"3";"2";"Blog";"https://cbinsaat.com/blog/istinat-duvari-neden-catlar/";"İstinat duvarı neden çatlar? Drenajın rolü";""
"21";"29.08.2026";"Cumartesi";"4";"2";"Blog";"https://cbinsaat.com/blog/havlupan-mi-petek-mi/";"Banyoda havlupan mı petek mi? Isıtma açısından fark";""
"21";"29.08.2026";"Cumartesi";"5";"2";"Blog";"https://cbinsaat.com/blog/fabrika-elektrik-tesisati-planlama/";"Fabrika elektrik tesisatı planlama rehberi";""
"21";"29.08.2026";"Cumartesi";"6";"2";"Blog";"https://cbinsaat.com/blog/satis-oncesi-ev-yenileme-rehberi/";"Satış öncesi ev yenileme: hangi işler değere yansır?";""
"21";"29.08.2026";"Cumartesi";"7";"2";"Blog";"https://cbinsaat.com/blog/kapi-pencere-secerken/";"Kapı ve pencere seçerken nelere bakmalı?";""
"21";"29.08.2026";"Cumartesi";"8";"2";"Blog";"https://cbinsaat.com/blog/kombi-hata-kodlari-ne-anlama-gelir/";"Kombi kilitlendi: hata kodu ne anlatıyor?";""
"21";"29.08.2026";"Cumartesi";"9";"2";"Blog";"https://cbinsaat.com/blog/cephe-boyasi-ne-zaman-yenilenmeli/";"Dış cephe boyası ne zaman yenilenmeli?";""
"21";"29.08.2026";"Cumartesi";"10";"2";"Blog";"https://cbinsaat.com/blog/hidrofor-basinc-sorunu/";"Hidrofor sürekli çalışıyor ya da basınç düşük: sebepleri";""
"22";"30.08.2026";"Pazar";"1";"2";"Blog";"https://cbinsaat.com/blog/su-deposu-hidrofor-birlikte/";"Su deposu ve hidrofor birlikte nasıl çalışır?";""
"22";"30.08.2026";"Pazar";"2";"2";"Blog";"https://cbinsaat.com/blog/kiralik-daire-hazirlama-rehberi/";"Kiralık daireyi hazırlarken nereye para harcamalı?";""
"22";"30.08.2026";"Pazar";"3";"2";"Blog";"https://cbinsaat.com/blog/depo-atolye-zemini/";"Depo ve atölye zemininde en pahalı hata";""
"22";"30.08.2026";"Pazar";"4";"2";"Blog";"https://cbinsaat.com/blog/bag-evi-yapiminda-altyapi/";"Bağ evi yaparken önce su ve elektriği çözün";""
"22";"30.08.2026";"Pazar";"5";"2";"Blog";"https://cbinsaat.com/blog/dogalgaz-faturasi-neden-yuksek/";"Doğalgaz faturası neden yüksek geliyor? Sırayla kontrol listesi";""
"22";"30.08.2026";"Pazar";"6";"2";"Blog";"https://cbinsaat.com/blog/oluk-neden-tasar/";"Yağmur oluğu neden taşar? Kesit, eğim ve tıkanma";""
"22";"30.08.2026";"Pazar";"7";"2";"Blog";"https://cbinsaat.com/blog/pencereden-hava-geliyor/";"Pencereden hava geliyor: conta mı montaj mı?";""
"22";"30.08.2026";"Pazar";"8";"2";"Blog";"https://cbinsaat.com/blog/mutfak-tadilatinda-plan/";"Mutfak tadilatında ölçüden montaja: doğru sıra";""
"22";"30.08.2026";"Pazar";"9";"2";"Blog";"https://cbinsaat.com/blog/donmus-boru-ne-yapilir/";"Donmuş boruda ne yapılır, nasıl önlenir?";""
"22";"30.08.2026";"Pazar";"10";"2";"Blog";"https://cbinsaat.com/blog/kuyu-pompasi-secimi/";"Kuyu pompası nasıl seçilir? Önce kuyu ölçülür";""
"23";"31.08.2026";"Pazartesi";"1";"2";"Blog";"https://cbinsaat.com/blog/petek-mi-yerden-isitma-mi/";"Petek mi yerden ısıtma mı? Karar verirken bakılacak 5 şey";""
"23";"31.08.2026";"Pazartesi";"2";"2";"Blog";"https://cbinsaat.com/blog/ev-tadilati-nereden-baslanir/";"Ev tadilatına nereden başlanır?";""
"23";"31.08.2026";"Pazartesi";"3";"2";"Blog";"https://cbinsaat.com/blog/kapi-neden-surtuyor/";"Kapı sürtüyor, kendiliğinden kapanıyor: sebepleri";""
"23";"31.08.2026";"Pazartesi";"4";"2";"Blog";"https://cbinsaat.com/blog/insaat-butcesi-nasil-kurulur/";"İnşaat bütçesi nasıl kurulur? Kalem dağılımı";""
"23";"31.08.2026";"Pazartesi";"5";"2";"Blog";"https://cbinsaat.com/blog/damlama-mi-yagmurlama-mi/";"Damlama mı yağmurlama mı? Bahçe ve arazi için karşılaştırma";""
"23";"31.08.2026";"Pazartesi";"6";"2";"Blog";"https://cbinsaat.com/blog/avize-secim-rehberi/";"Odaya göre doğru avize ve aydınlatma nasıl seçilir?";""
"23";"31.08.2026";"Pazartesi";"7";"2";"Blog";"https://cbinsaat.com/blog/dogalgaza-gecerken-dikkat/";"Sobadan doğalgaza geçerken atlanan 6 şey";""
"23";"31.08.2026";"Pazartesi";"8";"2";"Blog";"https://cbinsaat.com/blog/kombi-basinci-neden-dusuyor/";"Kombi basıncı neden düşüyor? Sık su takviyesi ne anlatır";""
"23";"31.08.2026";"Pazartesi";"9";"2";"Blog";"https://cbinsaat.com/blog/teras-su-yalitimi-adimlari/";"Teras su yalıtımı: adım adım ve sık yapılan hatalar";""
"23";"31.08.2026";"Pazartesi";"10";"2";"Blog";"https://cbinsaat.com/blog/sap-kurumadan-parke-doseme/";"Şap kurumadan parke döşenirse ne olur?";""
"24";"01.09.2026";"Salı";"1";"2";"Blog";"https://cbinsaat.com/blog/banyo-tadilatinda-su-yalitimi/";"Banyo tadilatında en pahalı hata: su yalıtımını atlamak";""
"24";"01.09.2026";"Salı";"2";"2";"Blog";"https://cbinsaat.com/blog/ev-elektrik-tesisati-maliyeti/";"Sıfırdan ev elektrik tesisatı nasıl planlanır?";""
"24";"01.09.2026";"Salı";"3";"2";"Blog";"https://cbinsaat.com/blog/kombi-bakimi-neden-gerekli/";"Kombi bakımı gerçekten gerekli mi? Rakamlarla bakalım";""
"24";"01.09.2026";"Salı";"4";"2";"Blog";"https://cbinsaat.com/blog/mantolama-ne-kazandirir/";"Mantolama gerçekte ne kazandırır? Detaylar belirleyici";""
"24";"01.09.2026";"Salı";"5";"2";"Blog";"https://cbinsaat.com/blog/seramik-bos-ses-veriyor/";"Seramik boş ses veriyor: sebebi ve çözümü";""
"24";"01.09.2026";"Salı";"6";"2";"Blog";"https://cbinsaat.com/blog/temel-tipi-nasil-secilir/";"Temel tipi neye göre seçilir?";""
"24";"01.09.2026";"Salı";"7";"2";"Blog";"https://cbinsaat.com/blog/damlama-sulama-tikaniklik/";"Damlama sulama hattı neden tıkanır?";""
"24";"01.09.2026";"Salı";"8";"2";"Blog";"https://cbinsaat.com/blog/petek-isinmiyor-ne-yapmali/";"Petek ısınmıyor: hangi belirti neyi gösterir?";""
"24";"01.09.2026";"Salı";"9";"2";"Blog";"https://cbinsaat.com/blog/otomatik-sulama-kurulumu/";"Otomatik sulama sistemi: zon planı ve kurulum";""
"24";"01.09.2026";"Salı";"10";"2";"Blog";"https://cbinsaat.com/blog/alcipan-nerede-kullanilir/";"Alçıpan nerede kullanılır, nerede kullanılmaz?";""
"25";"02.09.2026";"Çarşamba";"1";"2";"Blog";"https://cbinsaat.com/blog/tadilatta-sonradan-cikan-kalemler/";"Söküm sonrası en sık çıkan 8 sürpriz";""
"25";"02.09.2026";"Çarşamba";"2";"2";"Blog";"https://cbinsaat.com/blog/jenerator-transfer-panosu/";"Jeneratör transfer panosu nasıl çalışır?";""
"25";"02.09.2026";"Çarşamba";"3";"2";"Blog";"https://cbinsaat.com/blog/cati-yalitimi-nasil-yapilir/";"Çatı yalıtımı: çatı arasına mı, eğim boyunca mı?";""
"25";"02.09.2026";"Çarşamba";"4";"2";"Blog";"https://cbinsaat.com/blog/kombi-basinci-neden-duser/";"Kombi basıncı neden düşer? Üç neden ve ayırt etme yolu";""
"25";"02.09.2026";"Çarşamba";"5";"2";"Blog";"https://cbinsaat.com/blog/peteklerin-alti-neden-soguk/";"Peteklerin altı neden soğuk kalır?";""
"25";"02.09.2026";"Çarşamba";"6";"2";"Blog";"https://cbinsaat.com/blog/bahce-duzenlemesinde-sira/";"Bahçe düzenlemesinde doğru sıra: önce boru, sonra taş";""
"25";"02.09.2026";"Çarşamba";"7";"2";"Blog";"https://cbinsaat.com/blog/duvar-dalgali-nasil-duzeltilir/";"Duvar dalgalı: nasıl anlaşılır, nasıl düzeltilir?";""
"25";"02.09.2026";"Çarşamba";"8";"2";"Blog";"https://cbinsaat.com/blog/betonarme-mi-celik-mi/";"Betonarme mi hafif çelik mi? Hangi işte hangisi";""
"25";"02.09.2026";"Çarşamba";"9";"2";"Blog";"https://cbinsaat.com/blog/cati-akintisi-nereden-baslar/";"Çatı akıntısı nereden başlar? Görünen yer ile giren yer aynı değil";""
"25";"02.09.2026";"Çarşamba";"10";"2";"Blog";"https://cbinsaat.com/blog/tadilat-butcesi-nasil-planlanir/";"Tadilat bütçesi nasıl planlanır? Metraj mantığı";""
"26";"03.09.2026";"Perşembe";"1";"2";"Blog";"https://cbinsaat.com/blog/kompanzasyon-panosu-nedir/";"Kompanzasyon panosu nedir, reaktif ceza nasıl önlenir?";""
"26";"03.09.2026";"Perşembe";"2";"2";"Blog";"https://cbinsaat.com/blog/alci-mi-macun-mu/";"Saten alçı mı macun mu? Hangi yüzeyde hangisi";""
"26";"03.09.2026";"Perşembe";"3";"2";"Blog";"https://cbinsaat.com/blog/kaba-insaatta-nelere-dikkat/";"Kaba inşaatta gözden kaçmaması gereken 7 kontrol";""
"26";"03.09.2026";"Perşembe";"4";"2";"Blog";"https://cbinsaat.com/blog/tarimsal-sulama-pompa-secimi/";"Tarımsal sulama için pompa nasıl seçilir?";""
"26";"03.09.2026";"Perşembe";"5";"2";"Blog";"https://cbinsaat.com/blog/daire-tadilati-is-sirasi/";"Daire tadilatında doğru iş sırası nedir?";""
"26";"03.09.2026";"Perşembe";"6";"2";"Blog";"https://cbinsaat.com/blog/boya-neden-kabarir/";"Boya neden kabarır, çatlar, dökülür?";""
"26";"03.09.2026";"Perşembe";"7";"2";"Blog";"https://cbinsaat.com/blog/ev-yaptirmaya-nereden-baslanir/";"Ev yaptırmaya nereden başlanır? Sıralı yol haritası";""
"26";"03.09.2026";"Perşembe";"8";"2";"Blog";"https://cbinsaat.com/blog/acil-elektrik-arizasinda-ne-yapilir/";"Acil elektrik arızasında ilk ne yapılmalı?";""
"26";"03.09.2026";"Perşembe";"9";"2";"Blog";"https://cbinsaat.com/blog/kuyu-pompasi-basinc-sorunu/";"Kuyu pompasında basınç neden düşer?";""
"26";"03.09.2026";"Perşembe";"10";"2";"Blog";"https://cbinsaat.com/blog/hidrofor-surekli-calisiyor/";"Hidrofor neden sürekli çalışır?";""
"27";"04.09.2026";"Cuma";"1";"2";"Blog";"https://cbinsaat.com/blog/elektrik-panosu-bakimi/";"Elektrik panosu bakımı neden gereklidir ve nasıl yapılır?";""
"27";"04.09.2026";"Cuma";"2";"2";"Blog";"https://cbinsaat.com/blog/dalgic-pompa-calismiyor/";"Dalgıç pompa neden çalışmaz? Adım adım kontrol";""
"27";"04.09.2026";"Cuma";"3";"2";"Blog";"https://cbinsaat.com/blog/topraklama-neden-onemli/";"Topraklama neden önemlidir ve evinizde var mı nasıl anlarsınız?";""
"27";"04.09.2026";"Cuma";"4";"2";"Blog";"https://cbinsaat.com/blog/su-deposu-ne-zaman-temizlenmeli/";"Su deposu ne sıklıkla temizlenmeli?";""
"27";"04.09.2026";"Cuma";"5";"2";"Blog";"https://cbinsaat.com/blog/kacak-akim-rolesi-neden-atar/";"Kaçak akım rölesi neden atar? Kaynağı bulmanın adımları";""
"27";"04.09.2026";"Cuma";"6";"2";"Blog";"https://cbinsaat.com/blog/ev-su-tesisati-yenileme/";"Ev su tesisatı yenileme rehberi: hangi boru, hangi sıra?";""
"27";"04.09.2026";"Cuma";"7";"2";"Blog";"https://cbinsaat.com/blog/hidrofor-secimi-nasil-yapilir/";"Bina için hidrofor seçimi nasıl yapılır?";""
"27";"04.09.2026";"Cuma";"8";"2";"Blog";"https://cbinsaat.com/blog/priz-neden-isinir/";"Priz neden ısınır, ne zaman değiştirilmelidir?";""
"27";"04.09.2026";"Cuma";"9";"2";"Blog";"https://cbinsaat.com/blog/lavabo-tikanikligi-neden-olur/";"Lavabo tıkanıklığı neden tekrarlar?";""
"27";"04.09.2026";"Cuma";"10";"2";"Blog";"https://cbinsaat.com/blog/sigorta-surekli-neden-atar/";"Sigorta sürekli neden atar? Üç farklı neden ve ayırt etme yolu";""
"28";"05.09.2026";"Cumartesi";"1";"2";"Blog";"https://cbinsaat.com/blog/su-kacagi-erken-belirtileri/";"Gizli su kaçağı nasıl anlaşılır? Erken belirtiler ve ilk kontroller";""
"28";"05.09.2026";"Cumartesi";"2";"2";"Blog";"https://cbinsaat.com/blog/elektrik-tesisati-yenileme-belirtileri/";"Elektrik tesisatının yenilenmesi gerektiğini gösteren 7 işaret";""